step,m,time
1,2,4
1,2,2
1,2,4
1,2,4
1,2,4
1,2,4
1,2,5
1,2,4
1,2,6
1,2,4
1,2,4
1,2,4
1,2,4
1,2,4
1,2,4
1,2,4
1,2,5
1,2,4
1,2,4
1,2,4
1,2,5
1,2,3
1,2,3
1,2,3
1,2,4
1,2,4
1,2,5
1,2,4
1,2,4
1,2,4
1,2,5
1,2,4
1,2,4
1,2,4
1,2,4
1,2,4
1,2,4
1,2,4
1,2,19
1,2,4
1,2,4
1,2,4
1,2,4
1,2,4
1,2,3
1,2,3
1,2,3
1,2,5
1,2,5
1,2,4
1,2,4
1,2,3
1,2,19
1,2,3
1,2,19
1,2,4
1,2,3
1,2,4
1,2,3
1,2,3
1,2,5
1,2,20
1,2,4
1,2,4
1,2,4
1,2,4
1,2,4
1,2,5
1,2,4
1,2,5
1,2,5
1,2,3
1,2,4
1,2,5
1,2,3
1,2,4
1,2,3
1,2,4
1,2,5
1,2,4
1,2,3
1,2,4
1,2,5
1,2,5
1,2,23
1,2,3
1,2,3
1,2,4
1,2,4
1,2,5
1,2,4
1,2,4
1,2,4
1,2,12
1,2,4
1,2,4
1,2,3
1,2,4
1,2,3
1,2,4
1,4,3
1,4,4
1,4,4
1,4,3
1,4,5
1,4,4
1,4,22
1,4,5
1,4,4
1,4,4
1,4,4
1,4,4
1,4,4
1,4,4
1,4,5
1,4,5
1,4,4
1,4,5
1,4,5
1,4,4
1,4,5
1,4,3
1,4,5
1,4,6
1,4,4
1,4,4
1,4,4
1,4,3
1,4,5
1,4,5
1,4,5
1,4,5
1,4,5
1,4,4
1,4,4
1,4,5
1,4,5
1,4,6
1,4,4
1,4,5
1,4,6
1,4,4
1,4,5
1,4,4
1,4,5
1,4,5
1,4,4
1,4,5
1,4,5
1,4,4
1,4,5
1,4,5
1,4,4
1,4,4
1,4,5
1,4,4
1,4,4
1,4,5
1,4,4
1,4,4
1,4,4
1,4,4
1,4,3
1,4,5
1,4,4
1,4,3
1,4,5
1,4,3
1,4,4
1,4,4
1,4,5
1,4,5
1,4,5
1,4,4
1,4,4
1,4,5
1,4,4
1,4,4
1,4,5
1,4,5
1,4,5
1,4,4
1,4,5
1,4,5
1,4,4
1,4,5
1,4,5
1,4,5
1,4,6
1,4,5
1,4,5
1,4,5
1,4,4
1,4,4
1,4,4
1,4,4
1,4,4
1,4,4
1,4,4
1,4,4
1,8,4
1,8,5
1,8,6
1,8,4
1,8,4
1,8,6
1,8,6
1,8,5
1,8,8
1,8,6
1,8,6
1,8,5
1,8,5
1,8,5
1,8,5
1,8,5
1,8,5
1,8,4
1,8,4
1,8,4
1,8,4
1,8,6
1,8,5
1,8,4
1,8,6
1,8,5
1,8,5
1,8,4
1,8,4
1,8,4
1,8,4
1,8,4
1,8,5
1,8,5
1,8,5
1,8,5
1,8,4
1,8,4
1,8,4
1,8,6
1,8,6
1,8,4
1,8,5
1,8,5
1,8,6
1,8,5
1,8,4
1,8,4
1,8,5
1,8,6
1,8,5
1,8,4
1,8,5
1,8,5
1,8,5
1,8,4
1,8,5
1,8,4
1,8,6
1,8,5
1,8,4
1,8,5
1,8,5
1,8,6
1,8,5
1,8,5
1,8,5
1,8,4
1,8,5
1,8,5
1,8,4
1,8,5
1,8,4
1,8,4
1,8,5
1,8,5
1,8,7
1,8,6
1,8,4
1,8,4
1,8,4
1,8,6
1,8,4
1,8,4
1,8,6
1,8,5
1,8,6
1,8,6
1,8,5
1,8,4
1,8,5
1,8,5
1,8,21
1,8,5
1,8,5
1,8,4
1,8,4
1,8,4
1,8,5
1,8,5
1,16,5
1,16,6
1,16,6
1,16,6
1,16,5
1,16,8
1,16,7
1,16,6
1,16,5
1,16,6
1,16,6
1,16,5
1,16,6
1,16,6
1,16,6
1,16,6
1,16,6
1,16,5
1,16,6
1,16,6
1,16,6
1,16,6
1,16,5
1,16,5
1,16,5
1,16,5
1,16,5
1,16,6
1,16,6
1,16,6
1,16,5
1,16,6
1,16,4
1,16,6
1,16,5
1,16,4
1,16,6
1,16,6
1,16,7
1,16,6
1,16,6
1,16,7
1,16,6
1,16,5
1,16,5
1,16,6
1,16,5
1,16,5
1,16,6
1,16,6
1,16,5
1,16,6
1,16,6
1,16,5
1,16,6
1,16,6
1,16,6
1,16,6
1,16,5
1,16,5
1,16,6
1,16,6
1,16,5
1,16,6
1,16,6
1,16,6
1,16,6
1,16,6
1,16,6
1,16,13
1,16,5
1,16,22
1,16,5
1,16,5
1,16,6
1,16,4
1,16,5
1,16,6
1,16,5
1,16,5
1,16,5
1,16,6
1,16,6
1,16,4
1,16,5
1,16,6
1,16,6
1,16,6
1,16,6
1,16,6
1,16,7
1,16,7
1,16,6
1,16,6
1,16,5
1,16,5
1,16,6
1,16,4
1,16,4
1,16,6
1,32,6
1,32,7
1,32,7
1,32,7
1,32,33
1,32,7
1,32,8
1,32,6
1,32,8
1,32,6
1,32,8
1,32,7
1,32,7
1,32,7
1,32,7
1,32,9
1,32,9
1,32,7
1,32,7
1,32,6
1,32,7
1,32,7
1,32,6
1,32,7
1,32,7
1,32,7
1,32,7
1,32,7
1,32,8
1,32,7
1,32,7
1,32,8
1,32,6
1,32,7
1,32,7
1,32,7
1,32,7
1,32,7
1,32,7
1,32,7
1,32,7
1,32,8
1,32,8
1,32,7
1,32,7
1,32,7
1,32,6
1,32,6
1,32,6
1,32,7
1,32,8
1,32,6
1,32,7
1,32,7
1,32,7
1,32,6
1,32,7
1,32,7
1,32,7
1,32,7
1,32,7
1,32,6
1,32,7
1,32,7
1,32,7
1,32,7
1,32,6
1,32,7
1,32,7
1,32,6
1,32,7
1,32,7
1,32,6
1,32,7
1,32,7
1,32,7
1,32,7
1,32,7
1,32,6
1,32,7
1,32,7
1,32,7
1,32,7
1,32,7
1,32,6
1,32,8
1,32,8
1,32,8
1,32,7
1,32,7
1,32,7
1,32,7
1,32,6
1,32,7
1,32,6
1,32,7
1,32,7
1,32,7
1,32,7
1,32,23
1,64,9
1,64,9
1,64,9
1,64,9
1,64,9
1,64,9
1,64,9
1,64,9
1,64,10
1,64,12
1,64,9
1,64,9
1,64,8
1,64,9
1,64,9
1,64,9
1,64,9
1,64,9
1,64,9
1,64,9
1,64,10
1,64,10
1,64,9
1,64,9
1,64,9
1,64,9
1,64,9
1,64,9
1,64,9
1,64,9
1,64,9
1,64,9
1,64,9
1,64,8
1,64,9
1,64,9
1,64,9
1,64,9
1,64,9
1,64,9
1,64,9
1,64,10
1,64,10
1,64,10
1,64,9
1,64,9
1,64,9
1,64,9
1,64,10
1,64,9
1,64,13
1,64,9
1,64,8
1,64,9
1,64,9
1,64,9
1,64,9
1,64,9
1,64,10
1,64,9
1,64,10
1,64,9
1,64,9
1,64,10
1,64,9
1,64,9
1,64,9
1,64,9
1,64,9
1,64,9
1,64,9
1,64,9
1,64,9
1,64,9
1,64,9
1,64,9
1,64,9
1,64,9
1,64,8
1,64,11
1,64,9
1,64,11
1,64,11
1,64,11
1,64,9
1,64,9
1,64,10
1,64,9
1,64,9
1,64,7
1,64,9
1,64,8
1,64,9
1,64,9
1,64,10
1,64,9
1,64,9
1,64,9
1,64,9
1,64,25
1,128,12
1,128,14
1,128,13
1,128,14
1,128,12
1,128,29
1,128,15
1,128,13
1,128,13
1,128,13
1,128,12
1,128,12
1,128,13
1,128,12
1,128,12
1,128,13
1,128,29
1,128,13
1,128,12
1,128,13
1,128,12
1,128,29
1,128,12
1,128,13
1,128,12
1,128,13
1,128,12
1,128,12
1,128,13
1,128,12
1,128,12
1,128,13
1,128,13
1,128,13
1,128,12
1,128,13
1,128,12
1,128,13
1,128,13
1,128,14
1,128,12
1,128,14
1,128,17
1,128,14
1,128,14
1,128,12
1,128,29
1,128,12
1,128,18
1,128,13
1,128,18
1,128,11
1,128,13
1,128,13
1,128,13
1,128,13
1,128,13
1,128,11
1,128,12
1,128,13
1,128,12
1,128,12
1,128,13
1,128,12
1,128,14
1,128,13
1,128,13
1,128,14
1,128,13
1,128,13
1,128,13
1,128,12
1,128,13
1,128,14
1,128,12
1,128,13
1,128,15
1,128,14
1,128,13
1,128,13
1,128,12
1,128,13
1,128,13
1,128,13
1,128,14
1,128,13
1,128,16
1,128,13
1,128,13
1,128,13
1,128,13
1,128,14
1,128,32
1,128,12
1,128,14
1,128,12
1,128,12
1,128,12
1,128,12
1,128,29
1,256,17
1,256,35
1,256,20
1,256,19
1,256,38
1,256,19
1,256,19
1,256,29
1,256,35
1,256,19
1,256,18
1,256,18
1,256,19
1,256,20
1,256,35
1,256,19
1,256,19
1,256,19
1,256,19
1,256,20
1,256,20
1,256,18
1,256,19
1,256,18
1,256,19
1,256,17
1,256,18
1,256,18
1,256,19
1,256,18
1,256,19
1,256,18
1,256,19
1,256,18
1,256,35
1,256,34
1,256,18
1,256,19
1,256,18
1,256,26
1,256,24
1,256,18
1,256,20
1,256,20
1,256,20
1,256,18
1,256,19
1,256,18
1,256,19
1,256,35
1,256,18
1,256,18
1,256,18
1,256,18
1,256,18
1,256,20
1,256,19
1,256,18
1,256,19
1,256,19
1,256,20
1,256,19
1,256,18
1,256,19
1,256,18
1,256,35
1,256,17
1,256,18
1,256,18
1,256,19
1,256,18
1,256,19
1,256,19
1,256,18
1,256,18
1,256,34
1,256,19
1,256,18
1,256,19
1,256,19
1,256,20
1,256,19
1,256,20
1,256,18
1,256,19
1,256,19
1,256,18
1,256,19
1,256,20
1,256,20
1,256,38
1,256,18
1,256,17
1,256,18
1,256,38
1,256,19
1,256,18
1,256,35
1,256,17
1,256,19
1,512,28
1,512,27
1,512,29
1,512,27
1,512,30
1,512,27
1,512,28
1,512,31
1,512,34
1,512,28
1,512,27
1,512,29
1,512,27
1,512,28
1,512,28
1,512,31
1,512,27
1,512,27
1,512,27
1,512,28
1,512,27
1,512,27
1,512,27
1,512,29
1,512,27
1,512,28
1,512,27
1,512,28
1,512,28
1,512,27
1,512,28
1,512,27
1,512,43
1,512,27
1,512,29
1,512,27
1,512,28
1,512,28
1,512,28
1,512,30
1,512,31
1,512,34
1,512,28
1,512,27
1,512,29
1,512,28
1,512,27
1,512,26
1,512,27
1,512,36
1,512,27
1,512,43
1,512,30
1,512,28
1,512,28
1,512,33
1,512,28
1,512,29
1,512,27
1,512,28
1,512,28
1,512,26
1,512,28
1,512,28
1,512,31
1,512,29
1,512,27
1,512,27
1,512,27
1,512,29
1,512,27
1,512,28
1,512,27
1,512,28
1,512,28
1,512,29
1,512,26
1,512,28
1,512,27
1,512,28
1,512,46
1,512,29
1,512,29
1,512,29
1,512,29
1,512,30
1,512,30
1,512,28
1,512,27
1,512,27
1,512,27
1,512,28
1,512,27
1,512,27
1,512,27
1,512,28
1,512,27
1,512,27
1,512,27
1,512,28
2,2,5
2,2,5
2,2,4
2,2,5
2,2,3
2,2,4
2,2,4
2,2,5
2,2,4
2,2,3
2,2,5
2,2,5
2,2,6
2,2,4
2,2,5
2,2,4
2,2,3
2,2,19
2,2,5
2,2,24
2,2,3
2,2,5
2,2,4
2,2,3
2,2,4
2,2,5
2,2,3
2,2,4
2,2,4
2,2,4
2,2,3
2,2,3
2,2,4
2,2,3
2,2,5
2,2,19
2,2,4
2,2,4
2,2,5
2,2,5
2,2,5
2,2,5
2,2,3
2,2,3
2,2,5
2,2,4
2,2,4
2,2,3
2,2,4
2,2,4
2,2,6
2,2,3
2,2,3
2,2,5
2,2,4
2,2,5
2,2,4
2,2,5
2,2,3
2,2,4
2,2,5
2,2,5
2,2,4
2,2,4
2,2,4
2,2,3
2,2,5
2,2,5
2,2,3
2,2,5
2,2,3
2,2,4
2,2,4
2,2,5
2,2,3
2,2,3
2,2,3
2,2,4
2,2,5
2,2,5
2,2,4
2,2,5
2,2,4
2,2,5
2,2,4
2,2,5
2,2,6
2,2,5
2,2,5
2,2,5
2,2,3
2,2,3
2,2,4
2,2,5
2,2,3
2,2,3
2,2,5
2,2,5
2,2,3
2,2,4
2,4,5
2,4,5
2,4,5
2,4,4
2,4,6
2,4,5
2,4,6
2,4,5
2,4,7
2,4,19
2,4,6
2,4,5
2,4,5
2,4,5
2,4,5
2,4,4
2,4,5
2,4,5
2,4,5
2,4,5
2,4,5
2,4,5
2,4,5
2,4,6
2,4,5
2,4,4
2,4,5
2,4,4
2,4,5
2,4,5
2,4,5
2,4,5
2,4,5
2,4,5
2,4,5
2,4,4
2,4,5
2,4,5
2,4,6
2,4,5
2,4,5
2,4,5
2,4,5
2,4,6
2,4,6
2,4,5
2,4,5
2,4,4
2,4,5
2,4,5
2,4,5
2,4,4
2,4,5
2,4,5
2,4,7
2,4,5
2,4,5
2,4,5
2,4,5
2,4,4
2,4,5
2,4,5
2,4,5
2,4,5
2,4,5
2,4,5
2,4,4
2,4,5
2,4,4
2,4,5
2,4,5
2,4,4
2,4,5
2,4,6
2,4,5
2,4,5
2,4,5
2,4,5
2,4,4
2,4,4
2,4,5
2,4,6
2,4,5
2,4,5
2,4,5
2,4,5
2,4,5
2,4,5
2,4,5
2,4,5
2,4,5
2,4,5
2,4,5
2,4,5
2,4,5
2,4,5
2,4,5
2,4,7
2,4,5
2,4,5
2,8,7
2,8,5
2,8,6
2,8,5
2,8,5
2,8,5
2,8,5
2,8,6
2,8,10
2,8,5
2,8,5
2,8,5
2,8,5
2,8,5
2,8,5
2,8,5
2,8,5
2,8,5
2,8,5
2,8,6
2,8,5
2,8,6
2,8,6
2,8,5
2,8,5
2,8,5
2,8,5
2,8,6
2,8,5
2,8,5
2,8,6
2,8,6
2,8,6
2,8,7
2,8,5
2,8,5
2,8,5
2,8,5
2,8,5
2,8,6
2,8,6
2,8,6
2,8,6
2,8,5
2,8,7
2,8,5
2,8,6
2,8,5
2,8,5
2,8,6
2,8,5
2,8,5
2,8,6
2,8,5
2,8,5
2,8,5
2,8,5
2,8,6
2,8,5
2,8,5
2,8,5
2,8,5
2,8,5
2,8,5
2,8,5
2,8,5
2,8,6
2,8,6
2,8,5
2,8,5
2,8,5
2,8,5
2,8,5
2,8,6
2,8,6
2,8,5
2,8,5
2,8,5
2,8,5
2,8,5
2,8,5
2,8,6
2,8,5
2,8,5
2,8,5
2,8,5
2,8,6
2,8,5
2,8,6
2,8,6
2,8,7
2,8,5
2,8,6
2,8,5
2,8,5
2,8,6
2,8,5
2,8,5
2,8,6
2,8,6
2,16,6
2,16,6
2,16,6
2,16,5
2,16,6
2,16,6
2,16,6
2,16,7
2,16,9
2,16,7
2,16,7
2,16,6
2,16,6
2,16,6
2,16,7
2,16,29
2,16,6
2,16,7
2,16,7
2,16,6
2,16,7
2,16,22
2,16,6
2,16,6
2,16,6
2,16,6
2,16,6
2,16,6
2,16,6
2,16,6
2,16,6
2,16,7
2,16,6
2,16,6
2,16,6
2,16,6
2,16,7
2,16,6
2,16,6
2,16,6
2,16,8
2,16,7
2,16,8
2,16,7
2,16,9
2,16,6
2,16,6
2,16,6
2,16,6
2,16,6
2,16,7
2,16,5
2,16,7
2,16,6
2,16,6
2,16,5
2,16,6
2,16,7
2,16,6
2,16,6
2,16,6
2,16,7
2,16,6
2,16,7
2,16,6
2,16,6
2,16,6
2,16,6
2,16,6
2,16,6
2,16,6
2,16,7
2,16,6
2,16,6
2,16,6
2,16,6
2,16,6
2,16,6
2,16,6
2,16,7
2,16,6
2,16,7
2,16,6
2,16,6
2,16,6
2,16,7
2,16,6
2,16,8
2,16,6
2,16,6
2,16,6
2,16,6
2,16,6
2,16,7
2,16,6
2,16,6
2,16,6
2,16,5
2,16,6
2,16,5
2,32,8
2,32,9
2,32,7
2,32,7
2,32,7
2,32,7
2,32,7
2,32,7
2,32,7
2,32,8
2,32,7
2,32,8
2,32,7
2,32,7
2,32,7
2,32,7
2,32,8
2,32,7
2,32,7
2,32,7
2,32,7
2,32,7
2,32,7
2,32,8
2,32,8
2,32,7
2,32,7
2,32,6
2,32,8
2,32,7
2,32,7
2,32,7
2,32,7
2,32,7
2,32,7
2,32,7
2,32,8
2,32,7
2,32,7
2,32,8
2,32,7
2,32,8
2,32,8
2,32,10
2,32,9
2,32,8
2,32,7
2,32,8
2,32,7
2,32,7
2,32,7
2,32,7
2,32,7
2,32,7
2,32,7
2,32,7
2,32,7
2,32,7
2,32,7
2,32,8
2,32,7
2,32,7
2,32,7
2,32,7
2,32,8
2,32,7
2,32,7
2,32,7
2,32,7
2,32,7
2,32,7
2,32,8
2,32,7
2,32,7
2,32,7
2,32,7
2,32,7
2,32,7
2,32,20
2,32,7
2,32,7
2,32,7
2,32,7
2,32,7
2,32,32
2,32,8
2,32,7
2,32,8
2,32,8
2,32,8
2,32,7
2,32,8
2,32,8
2,32,8
2,32,8
2,32,7
2,32,8
2,32,8
2,32,9
2,32,8
2,64,11
2,64,11
2,64,9
2,64,9
2,64,10
2,64,9
2,64,9
2,64,10
2,64,10
2,64,9
2,64,12
2,64,10
2,64,9
2,64,9
2,64,9
2,64,9
2,64,9
2,64,9
2,64,9
2,64,9
2,64,9
2,64,9
2,64,9
2,64,9
2,64,9
2,64,8
2,64,9
2,64,9
2,64,9
2,64,9
2,64,9
2,64,9
2,64,10
2,64,9
2,64,10
2,64,9
2,64,9
2,64,9
2,64,9
2,64,9
2,64,9
2,64,10
2,64,9
2,64,9
2,64,8
2,64,8
2,64,9
2,64,9
2,64,9
2,64,10
2,64,10
2,64,9
2,64,9
2,64,10
2,64,11
2,64,10
2,64,9
2,64,9
2,64,9
2,64,9
2,64,9
2,64,9
2,64,9
2,64,9
2,64,9
2,64,9
2,64,9
2,64,9
2,64,9
2,64,9
2,64,9
2,64,9
2,64,10
2,64,9
2,64,9
2,64,9
2,64,10
2,64,10
2,64,10
2,64,11
2,64,9
2,64,10
2,64,10
2,64,10
2,64,10
2,64,9
2,64,10
2,64,10
2,64,9
2,64,9
2,64,9
2,64,10
2,64,9
2,64,9
2,64,10
2,64,9
2,64,9
2,64,9
2,64,9
2,64,10
2,128,14
2,128,13
2,128,14
2,128,13
2,128,13
2,128,12
2,128,13
2,128,12
2,128,12
2,128,14
2,128,15
2,128,13
2,128,13
2,128,12
2,128,12
2,128,14
2,128,13
2,128,13
2,128,13
2,128,12
2,128,12
2,128,12
2,128,12
2,128,12
2,128,12
2,128,13
2,128,12
2,128,12
2,128,13
2,128,14
2,128,13
2,128,12
2,128,12
2,128,12
2,128,13
2,128,13
2,128,12
2,128,14
2,128,14
2,128,13
2,128,13
2,128,14
2,128,13
2,128,13
2,128,12
2,128,13
2,128,12
2,128,12
2,128,11
2,128,13
2,128,13
2,128,12
2,128,12
2,128,12
2,128,12
2,128,13
2,128,13
2,128,13
2,128,14
2,128,13
2,128,13
2,128,12
2,128,13
2,128,12
2,128,13
2,128,13
2,128,13
2,128,14
2,128,13
2,128,12
2,128,13
2,128,13
2,128,13
2,128,12
2,128,13
2,128,12
2,128,12
2,128,12
2,128,13
2,128,12
2,128,13
2,128,14
2,128,14
2,128,17
2,128,13
2,128,14
2,128,13
2,128,14
2,128,13
2,128,13
2,128,13
2,128,12
2,128,29
2,128,13
2,128,13
2,128,12
2,128,12
2,128,12
2,128,12
2,128,12
2,256,19
2,256,22
2,256,21
2,256,20
2,256,19
2,256,19
2,256,17
2,256,31
2,256,18
2,256,18
2,256,19
2,256,18
2,256,18
2,256,18
2,256,18
2,256,18
2,256,18
2,256,20
2,256,18
2,256,19
2,256,19
2,256,18
2,256,19
2,256,20
2,256,19
2,256,17
2,256,18
2,256,18
2,256,18
2,256,18
2,256,17
2,256,18
2,256,17
2,256,18
2,256,18
2,256,17
2,256,17
2,256,26
2,256,18
2,256,19
2,256,18
2,256,19
2,256,20
2,256,20
2,256,19
2,256,19
2,256,18
2,256,19
2,256,18
2,256,18
2,256,18
2,256,18
2,256,18
2,256,17
2,256,20
2,256,18
2,256,19
2,256,18
2,256,18
2,256,17
2,256,20
2,256,18
2,256,17
2,256,18
2,256,19
2,256,18
2,256,18
2,256,18
2,256,18
2,256,17
2,256,19
2,256,17
2,256,18
2,256,18
2,256,17
2,256,19
2,256,18
2,256,18
2,256,18
2,256,18
2,256,17
2,256,18
2,256,18
2,256,18
2,256,18
2,256,18
2,256,19
2,256,18
2,256,18
2,256,19
2,256,24
2,256,23
2,256,19
2,256,17
2,256,19
2,256,18
2,256,18
2,256,17
2,256,18
2,256,17
2,512,30
2,512,28
2,512,28
2,512,28
2,512,28
2,512,28
2,512,29
2,512,27
2,512,27
2,512,43
2,512,32
2,512,29
2,512,31
2,512,31
2,512,30
2,512,30
2,512,27
2,512,28
2,512,28
2,512,28
2,512,42
2,512,29
2,512,30
2,512,27
2,512,29
2,512,45
2,512,27
2,512,28
2,512,27
2,512,28
2,512,28
2,512,27
2,512,26
2,512,27
2,512,29
2,512,30
2,512,28
2,512,27
2,512,30
2,512,29
2,512,29
2,512,31
2,512,32
2,512,29
2,512,27
2,512,28
2,512,46
2,512,27
2,512,28
2,512,27
2,512,28
2,512,55
2,512,27
2,512,27
2,512,27
2,512,28
2,512,28
2,512,29
2,512,41
2,512,28
2,512,28
2,512,28
2,512,27
2,512,28
2,512,28
2,512,28
2,512,27
2,512,27
2,512,26
2,512,28
2,512,28
2,512,28
2,512,28
2,512,27
2,512,29
2,512,27
2,512,28
2,512,27
2,512,29
2,512,27
2,512,27
2,512,27
2,512,27
2,512,28
2,512,28
2,512,30
2,512,29
2,512,30
2,512,30
2,512,31
2,512,31
2,512,32
2,512,28
2,512,27
2,512,31
2,512,27
2,512,30
2,512,44
2,512,29
2,512,28
4,2,4
4,2,4
4,2,4
4,2,4
4,2,4
4,2,20
4,2,4
4,2,4
4,2,4
4,2,7
4,2,5
4,2,4
4,2,4
4,2,4
4,2,4
4,2,4
4,2,5
4,2,4
4,2,4
4,2,5
4,2,4
4,2,5
4,2,5
4,2,4
4,2,4
4,2,4
4,2,4
4,2,4
4,2,4
4,2,4
4,2,4
4,2,4
4,2,4
4,2,4
4,2,4
4,2,4
4,2,4
4,2,4
4,2,6
4,2,4
4,2,5
4,2,5
4,2,5
4,2,5
4,2,5
4,2,5
4,2,4
4,2,4
4,2,4
4,2,4
4,2,4
4,2,4
4,2,4
4,2,4
4,2,4
4,2,4
4,2,4
4,2,5
4,2,4
4,2,4
4,2,4
4,2,4
4,2,4
4,2,4
4,2,4
4,2,4
4,2,4
4,2,5
4,2,4
4,2,4
4,2,4
4,2,4
4,2,4
4,2,4
4,2,4
4,2,4
4,2,4
4,2,4
4,2,4
4,2,5
4,2,5
4,2,4
4,2,6
4,2,4
4,2,4
4,2,4
4,2,5
4,2,4
4,2,5
4,2,5
4,2,5
4,2,5
4,2,5
4,2,4
4,2,4
4,2,4
4,2,4
4,2,4
4,2,4
4,2,4
4,4,5
4,4,5
4,4,5
4,4,5
4,4,4
4,4,4
4,4,4
4,4,5
4,4,5
4,4,5
4,4,6
4,4,5
4,4,5
4,4,5
4,4,5
4,4,5
4,4,5
4,4,4
4,4,5
4,4,5
4,4,5
4,4,4
4,4,4
4,4,5
4,4,4
4,4,5
4,4,5
4,4,4
4,4,4
4,4,4
4,4,6
4,4,4
4,4,4
4,4,4
4,4,5
4,4,4
4,4,4
4,4,4
4,4,5
4,4,6
4,4,5
4,4,5
4,4,5
4,4,6
4,4,5
4,4,4
4,4,4
4,4,5
4,4,5
4,4,4
4,4,5
4,4,4
4,4,4
4,4,13
4,4,5
4,4,5
4,4,4
4,4,5
4,4,6
4,4,4
4,4,5
4,4,4
4,4,5
4,4,4
4,4,4
4,4,4
4,4,5
4,4,5
4,4,5
4,4,6
4,4,4
4,4,4
4,4,4
4,4,5
4,4,5
4,4,4
4,4,5
4,4,5
4,4,5
4,4,4
4,4,5
4,4,4
4,4,4
4,4,4
4,4,5
4,4,5
4,4,5
4,4,5
4,4,6
4,4,5
4,4,4
4,4,5
4,4,5
4,4,5
4,4,5
4,4,4
4,4,4
4,4,5
4,4,4
4,4,5
4,8,5
4,8,5
4,8,17
4,8,5
4,8,5
4,8,5
4,8,5
4,8,5
4,8,7
4,8,6
4,8,6
4,8,5
4,8,5
4,8,5
4,8,5
4,8,5
4,8,5
4,8,5
4,8,5
4,8,5
4,8,5
4,8,5
4,8,5
4,8,5
4,8,5
4,8,5
4,8,5
4,8,5
4,8,5
4,8,5
4,8,5
4,8,5
4,8,5
4,8,5
4,8,5
4,8,5
4,8,5
4,8,6
4,8,5
4,8,5
4,8,5
4,8,5
4,8,5
4,8,6
4,8,6
4,8,4
4,8,5
4,8,5
4,8,5
4,8,4
4,8,5
4,8,6
4,8,5
4,8,4
4,8,5
4,8,5
4,8,5
4,8,5
4,8,6
4,8,5
4,8,5
4,8,4
4,8,6
4,8,5
4,8,5
4,8,5
4,8,5
4,8,5
4,8,5
4,8,5
4,8,5
4,8,5
4,8,6
4,8,5
4,8,5
4,8,5
4,8,5
4,8,5
4,8,5
4,8,4
4,8,5
4,8,5
4,8,5
4,8,4
4,8,5
4,8,5
4,8,5
4,8,5
4,8,5
4,8,6
4,8,5
4,8,5
4,8,5
4,8,5
4,8,6
4,8,5
4,8,5
4,8,5
4,8,5
4,8,5
4,16,6
4,16,7
4,16,6
4,16,7
4,16,5
4,16,5
4,16,5
4,16,5
4,16,5
4,16,12
4,16,6
4,16,6
4,16,6
4,16,5
4,16,6
4,16,6
4,16,6
4,16,5
4,16,5
4,16,5
4,16,6
4,16,5
4,16,5
4,16,6
4,16,5
4,16,6
4,16,5
4,16,6
4,16,6
4,16,7
4,16,5
4,16,6
4,16,5
4,16,6
4,16,6
4,16,5
4,16,5
4,16,5
4,16,5
4,16,8
4,16,7
4,16,7
4,16,21
4,16,8
4,16,6
4,16,7
4,16,6
4,16,5
4,16,5
4,16,5
4,16,5
4,16,5
4,16,6
4,16,5
4,16,5
4,16,5
4,16,5
4,16,6
4,16,6
4,16,6
4,16,6
4,16,5
4,16,6
4,16,6
4,16,5
4,16,6
4,16,6
4,16,5
4,16,6
4,16,6
4,16,5
4,16,5
4,16,5
4,16,5
4,16,6
4,16,5
4,16,5
4,16,5
4,16,5
4,16,5
4,16,6
4,16,6
4,16,5
4,16,6
4,16,5
4,16,6
4,16,6
4,16,6
4,16,6
4,16,6
4,16,7
4,16,6
4,16,5
4,16,6
4,16,5
4,16,6
4,16,5
4,16,5
4,16,6
4,16,6
4,32,7
4,32,6
4,32,7
4,32,6
4,32,11
4,32,9
4,32,8
4,32,6
4,32,7
4,32,7
4,32,6
4,32,7
4,32,7
4,32,6
4,32,7
4,32,6
4,32,7
4,32,7
4,32,7
4,32,7
4,32,7
4,32,7
4,32,7
4,32,7
4,32,6
4,32,7
4,32,7
4,32,6
4,32,6
4,32,7
4,32,7
4,32,8
4,32,6
4,32,6
4,32,7
4,32,8
4,32,7
4,32,7
4,32,6
4,32,8
4,32,7
4,32,7
4,32,7
4,32,7
4,32,7
4,32,9
4,32,7
4,32,7
4,32,7
4,32,7
4,32,7
4,32,7
4,32,7
4,32,7
4,32,6
4,32,7
4,32,6
4,32,7
4,32,7
4,32,7
4,32,7
4,32,7
4,32,6
4,32,8
4,32,25
4,32,9
4,32,7
4,32,6
4,32,6
4,32,6
4,32,6
4,32,7
4,32,6
4,32,7
4,32,8
4,32,6
4,32,6
4,32,6
4,32,6
4,32,7
4,32,7
4,32,7
4,32,6
4,32,7
4,32,7
4,32,7
4,32,7
4,32,7
4,32,7
4,32,7
4,32,7
4,32,6
4,32,7
4,32,7
4,32,7
4,32,7
4,32,7
4,32,6
4,32,6
4,32,7
4,64,16
4,64,9
4,64,9
4,64,8
4,64,8
4,64,8
4,64,8
4,64,8
4,64,9
4,64,9
4,64,11
4,64,11
4,64,10
4,64,9
4,64,10
4,64,8
4,64,8
4,64,8
4,64,9
4,64,9
4,64,9
4,64,8
4,64,9
4,64,8
4,64,8
4,64,8
4,64,8
4,64,9
4,64,9
4,64,10
4,64,9
4,64,8
4,64,8
4,64,8
4,64,8
4,64,10
4,64,9
4,64,10
4,64,9
4,64,9
4,64,9
4,64,9
4,64,9
4,64,9
4,64,12
4,64,9
4,64,8
4,64,9
4,64,8
4,64,8
4,64,9
4,64,9
4,64,9
4,64,10
4,64,21
4,64,9
4,64,9
4,64,9
4,64,8
4,64,8
4,64,9
4,64,9
4,64,9
4,64,9
4,64,8
4,64,8
4,64,8
4,64,9
4,64,8
4,64,8
4,64,8
4,64,9
4,64,8
4,64,8
4,64,9
4,64,10
4,64,9
4,64,9
4,64,8
4,64,8
4,64,8
4,64,8
4,64,8
4,64,8
4,64,8
4,64,8
4,64,9
4,64,9
4,64,9
4,64,9
4,64,9
4,64,10
4,64,9
4,64,8
4,64,9
4,64,8
4,64,9
4,64,8
4,64,8
4,64,8
4,128,12
4,128,12
4,128,12
4,128,12
4,128,13
4,128,12
4,128,12
4,128,21
4,128,12
4,128,13
4,128,12
4,128,33
4,128,11
4,128,11
4,128,12
4,128,11
4,128,13
4,128,12
4,128,12
4,128,11
4,128,12
4,128,11
4,128,13
4,128,13
4,128,12
4,128,12
4,128,12
4,128,12
4,128,11
4,128,12
4,128,11
4,128,12
4,128,11
4,128,11
4,128,15
4,128,13
4,128,12
4,128,12
4,128,12
4,128,12
4,128,17
4,128,12
4,128,12
4,128,14
4,128,13
4,128,12
4,128,12
4,128,12
4,128,17
4,128,11
4,128,12
4,128,11
4,128,12
4,128,12
4,128,11
4,128,11
4,128,12
4,128,11
4,128,11
4,128,12
4,128,11
4,128,11
4,128,13
4,128,11
4,128,11
4,128,12
4,128,12
4,128,12
4,128,12
4,128,11
4,128,11
4,128,12
4,128,11
4,128,11
4,128,13
4,128,11
4,128,12
4,128,12
4,128,13
4,128,11
4,128,12
4,128,12
4,128,12
4,128,12
4,128,12
4,128,16
4,128,17
4,128,12
4,128,13
4,128,12
4,128,13
4,128,13
4,128,12
4,128,12
4,128,12
4,128,11
4,128,12
4,128,12
4,128,12
4,128,12
4,256,18
4,256,18
4,256,17
4,256,18
4,256,17
4,256,24
4,256,17
4,256,18
4,256,18
4,256,19
4,256,20
4,256,18
4,256,18
4,256,18
4,256,18
4,256,17
4,256,17
4,256,17
4,256,17
4,256,18
4,256,17
4,256,18
4,256,17
4,256,18
4,256,17
4,256,18
4,256,18
4,256,17
4,256,18
4,256,18
4,256,17
4,256,18
4,256,17
4,256,17
4,256,17
4,256,17
4,256,17
4,256,17
4,256,18
4,256,17
4,256,19
4,256,19
4,256,19
4,256,19
4,256,19
4,256,19
4,256,18
4,256,19
4,256,19
4,256,19
4,256,17
4,256,40
4,256,17
4,256,17
4,256,17
4,256,17
4,256,17
4,256,17
4,256,17
4,256,18
4,256,18
4,256,17
4,256,18
4,256,17
4,256,17
4,256,18
4,256,17
4,256,17
4,256,17
4,256,19
4,256,17
4,256,19
4,256,18
4,256,18
4,256,20
4,256,18
4,256,18
4,256,17
4,256,19
4,256,18
4,256,20
4,256,24
4,256,17
4,256,18
4,256,19
4,256,37
4,256,23
4,256,22
4,256,22
4,256,23
4,256,23
4,256,22
4,256,18
4,256,18
4,256,18
4,256,18
4,256,17
4,256,18
4,256,18
4,256,19
4,512,33
4,512,29
4,512,28
4,512,28
4,512,28
4,512,27
4,512,28
4,512,30
4,512,30
4,512,30
4,512,30
4,512,32
4,512,28
4,512,31
4,512,27
4,512,28
4,512,28
4,512,30
4,512,27
4,512,27
4,512,28
4,512,55
4,512,28
4,512,27
4,512,28
4,512,28
4,512,28
4,512,27
4,512,27
4,512,29
4,512,28
4,512,38
4,512,31
4,512,30
4,512,30
4,512,34
4,512,28
4,512,27
4,512,37
4,512,31
4,512,30
4,512,31
4,512,31
4,512,34
4,512,29
4,512,27
4,512,28
4,512,28
4,512,27
4,512,44
4,512,28
4,512,28
4,512,27
4,512,28
4,512,29
4,512,28
4,512,45
4,512,27
4,512,29
4,512,27
4,512,28
4,512,37
4,512,28
4,512,28
4,512,30
4,512,28
4,512,27
4,512,30
4,512,27
4,512,27
4,512,28
4,512,30
4,512,28
4,512,28
4,512,28
4,512,28
4,512,27
4,512,59
4,512,28
4,512,35
4,512,27
4,512,35
4,512,28
4,512,30
4,512,30
4,512,31
4,512,30
4,512,31
4,512,45
4,512,28
4,512,31
4,512,27
4,512,28
4,512,39
4,512,28
4,512,27
4,512,29
4,512,28
4,512,30
4,512,28
8,2,5
8,2,4
8,2,4
8,2,4
8,2,4
8,2,4
8,2,4
8,2,4
8,2,4
8,2,4
8,2,5
8,2,4
8,2,4
8,2,4
8,2,4
8,2,4
8,2,4
8,2,4
8,2,4
8,2,4
8,2,4
8,2,4
8,2,4
8,2,4
8,2,4
8,2,4
8,2,4
8,2,5
8,2,4
8,2,4
8,2,4
8,2,4
8,2,4
8,2,4
8,2,4
8,2,4
8,2,4
8,2,4
8,2,4
8,2,5
8,2,4
8,2,4
8,2,4
8,2,4
8,2,5
8,2,4
8,2,4
8,2,4
8,2,4
8,2,4
8,2,4
8,2,4
8,2,4
8,2,4
8,2,5
8,2,4
8,2,4
8,2,4
8,2,4
8,2,4
8,2,4
8,2,5
8,2,4
8,2,4
8,2,4
8,2,5
8,2,4
8,2,4
8,2,4
8,2,4
8,2,4
8,2,4
8,2,4
8,2,4
8,2,4
8,2,4
8,2,4
8,2,4
8,2,4
8,2,4
8,2,4
8,2,4
8,2,4
8,2,5
8,2,4
8,2,5
8,2,4
8,2,5
8,2,5
8,2,4
8,2,4
8,2,4
8,2,4
8,2,4
8,2,4
8,2,4
8,2,4
8,2,4
8,2,4
8,2,4
8,4,4
8,4,5
8,4,4
8,4,4
8,4,4
8,4,4
8,4,4
8,4,4
8,4,4
8,4,4
8,4,5
8,4,4
8,4,4
8,4,4
8,4,5
8,4,4
8,4,4
8,4,4
8,4,4
8,4,4
8,4,4
8,4,5
8,4,4
8,4,4
8,4,4
8,4,5
8,4,5
8,4,5
8,4,4
8,4,4
8,4,4
8,4,4
8,4,4
8,4,4
8,4,5
8,4,4
8,4,4
8,4,4
8,4,4
8,4,4
8,4,5
8,4,5
8,4,5
8,4,5
8,4,4
8,4,4
8,4,4
8,4,4
8,4,4
8,4,4
8,4,4
8,4,4
8,4,4
8,4,4
8,4,4
8,4,5
8,4,4
8,4,4
8,4,5
8,4,4
8,4,4
8,4,4
8,4,4
8,4,4
8,4,4
8,4,4
8,4,4
8,4,4
8,4,4
8,4,4
8,4,5
8,4,4
8,4,4
8,4,4
8,4,4
8,4,4
8,4,4
8,4,4
8,4,4
8,4,4
8,4,5
8,4,4
8,4,5
8,4,4
8,4,4
8,4,5
8,4,5
8,4,4
8,4,5
8,4,5
8,4,5
8,4,5
8,4,4
8,4,4
8,4,4
8,4,5
8,4,4
8,4,4
8,4,4
8,4,4
8,8,5
8,8,5
8,8,5
8,8,5
8,8,4
8,8,5
8,8,5
8,8,5
8,8,14
8,8,5
8,8,6
8,8,5
8,8,5
8,8,5
8,8,5
8,8,6
8,8,4
8,8,4
8,8,4
8,8,5
8,8,6
8,8,4
8,8,5
8,8,5
8,8,4
8,8,5
8,8,5
8,8,5
8,8,5
8,8,5
8,8,5
8,8,5
8,8,4
8,8,5
8,8,5
8,8,5
8,8,4
8,8,5
8,8,5
8,8,5
8,8,4
8,8,5
8,8,5
8,8,5
8,8,5
8,8,5
8,8,7
8,8,5
8,8,4
8,8,5
8,8,5
8,8,5
8,8,4
8,8,5
8,8,5
8,8,5
8,8,4
8,8,5
8,8,6
8,8,5
8,8,5
8,8,5
8,8,5
8,8,5
8,8,5
8,8,5
8,8,5
8,8,4
8,8,5
8,8,5
8,8,5
8,8,5
8,8,5
8,8,5
8,8,5
8,8,5
8,8,4
8,8,5
8,8,4
8,8,5
8,8,5
8,8,5
8,8,5
8,8,5
8,8,5
8,8,5
8,8,6
8,8,6
8,8,6
8,8,6
8,8,5
8,8,5
8,8,5
8,8,5
8,8,5
8,8,5
8,8,5
8,8,5
8,8,4
8,8,5
8,16,7
8,16,6
8,16,6
8,16,5
8,16,6
8,16,6
8,16,5
8,16,5
8,16,6
8,16,6
8,16,5
8,16,5
8,16,5
8,16,5
8,16,6
8,16,5
8,16,5
8,16,6
8,16,5
8,16,6
8,16,6
8,16,5
8,16,5
8,16,6
8,16,5
8,16,5
8,16,5
8,16,5
8,16,5
8,16,6
8,16,6
8,16,6
8,16,6
8,16,5
8,16,5
8,16,5
8,16,5
8,16,5
8,16,5
8,16,6
8,16,7
8,16,6
8,16,6
8,16,6
8,16,7
8,16,6
8,16,6
8,16,6
8,16,6
8,16,5
8,16,6
8,16,5
8,16,6
8,16,5
8,16,6
8,16,5
8,16,5
8,16,6
8,16,5
8,16,5
8,16,6
8,16,5
8,16,5
8,16,6
8,16,5
8,16,5
8,16,6
8,16,5
8,16,5
8,16,5
8,16,6
8,16,5
8,16,5
8,16,5
8,16,6
8,16,6
8,16,5
8,16,5
8,16,5
8,16,5
8,16,5
8,16,6
8,16,5
8,16,5
8,16,5
8,16,5
8,16,6
8,16,6
8,16,6
8,16,6
8,16,6
8,16,6
8,16,6
8,16,5
8,16,5
8,16,6
8,16,6
8,16,5
8,16,5
8,16,5
8,32,8
8,32,8
8,32,7
8,32,7
8,32,7
8,32,6
8,32,6
8,32,6
8,32,7
8,32,7
8,32,9
8,32,7
8,32,7
8,32,7
8,32,6
8,32,6
8,32,7
8,32,7
8,32,6
8,32,7
8,32,6
8,32,7
8,32,6
8,32,7
8,32,7
8,32,6
8,32,6
8,32,7
8,32,7
8,32,6
8,32,6
8,32,7
8,32,6
8,32,7
8,32,6
8,32,7
8,32,6
8,32,6
8,32,7
8,32,6
8,32,8
8,32,7
8,32,7
8,32,7
8,32,7
8,32,9
8,32,26
8,32,7
8,32,7
8,32,7
8,32,7
8,32,7
8,32,7
8,32,7
8,32,7
8,32,7
8,32,7
8,32,6
8,32,6
8,32,7
8,32,7
8,32,7
8,32,7
8,32,7
8,32,6
8,32,6
8,32,7
8,32,6
8,32,7
8,32,6
8,32,7
8,32,6
8,32,7
8,32,6
8,32,7
8,32,7
8,32,7
8,32,6
8,32,7
8,32,8
8,32,7
8,32,7
8,32,7
8,32,7
8,32,8
8,32,7
8,32,7
8,32,7
8,32,7
8,32,8
8,32,7
8,32,7
8,32,6
8,32,6
8,32,7
8,32,7
8,32,7
8,32,6
8,32,7
8,32,7
8,64,9
8,64,12
8,64,9
8,64,9
8,64,9
8,64,9
8,64,8
8,64,8
8,64,8
8,64,9
8,64,8
8,64,9
8,64,10
8,64,9
8,64,9
8,64,9
8,64,9
8,64,9
8,64,9
8,64,8
8,64,8
8,64,9
8,64,8
8,64,16
8,64,8
8,64,9
8,64,8
8,64,8
8,64,9
8,64,9
8,64,8
8,64,9
8,64,9
8,64,9
8,64,9
8,64,9
8,64,8
8,64,8
8,64,9
8,64,9
8,64,10
8,64,9
8,64,10
8,64,9
8,64,9
8,64,9
8,64,8
8,64,8
8,64,8
8,64,9
8,64,9
8,64,9
8,64,8
8,64,9
8,64,9
8,64,8
8,64,8
8,64,8
8,64,9
8,64,8
8,64,9
8,64,8
8,64,9
8,64,9
8,64,9
8,64,8
8,64,9
8,64,8
8,64,8
8,64,8
8,64,8
8,64,9
8,64,9
8,64,8
8,64,9
8,64,8
8,64,8
8,64,8
8,64,9
8,64,8
8,64,9
8,64,8
8,64,8
8,64,8
8,64,9
8,64,8
8,64,9
8,64,9
8,64,9
8,64,10
8,64,10
8,64,10
8,64,9
8,64,8
8,64,9
8,64,9
8,64,9
8,64,8
8,64,9
8,64,9
8,128,14
8,128,13
8,128,12
8,128,13
8,128,12
8,128,12
8,128,16
8,128,12
8,128,12
8,128,12
8,128,22
8,128,12
8,128,12
8,128,18
8,128,12
8,128,12
8,128,12
8,128,12
8,128,38
8,128,12
8,128,12
8,128,13
8,128,17
8,128,12
8,128,12
8,128,12
8,128,17
8,128,13
8,128,12
8,128,13
8,128,12
8,128,12
8,128,13
8,128,12
8,128,12
8,128,12
8,128,13
8,128,13
8,128,14
8,128,15
8,128,16
8,128,16
8,128,15
8,128,16
8,128,14
8,128,14
8,128,13
8,128,12
8,128,12
8,128,12
8,128,11
8,128,12
8,128,12
8,128,12
8,128,12
8,128,12
8,128,12
8,128,13
8,128,12
8,128,13
8,128,13
8,128,13
8,128,14
8,128,12
8,128,13
8,128,12
8,128,12
8,128,12
8,128,12
8,128,12
8,128,12
8,128,12
8,128,12
8,128,12
8,128,13
8,128,12
8,128,12
8,128,13
8,128,12
8,128,12
8,128,12
8,128,13
8,128,12
8,128,12
8,128,11
8,128,13
8,128,13
8,128,14
8,128,13
8,128,13
8,128,13
8,128,13
8,128,29
8,128,11
8,128,12
8,128,12
8,128,12
8,128,12
8,128,11
8,128,12
8,256,19
8,256,20
8,256,20
8,256,32
8,256,21
8,256,20
8,256,19
8,256,19
8,256,18
8,256,18
8,256,18
8,256,18
8,256,18
8,256,20
8,256,18
8,256,18
8,256,18
8,256,19
8,256,18
8,256,18
8,256,19
8,256,18
8,256,27
8,256,18
8,256,19
8,256,18
8,256,20
8,256,18
8,256,18
8,256,18
8,256,18
8,256,20
8,256,19
8,256,18
8,256,19
8,256,18
8,256,18
8,256,20
8,256,18
8,256,21
8,256,20
8,256,19
8,256,20
8,256,20
8,256,21
8,256,20
8,256,19
8,256,17
8,256,19
8,256,18
8,256,18
8,256,21
8,256,18
8,256,45
8,256,18
8,256,18
8,256,18
8,256,19
8,256,18
8,256,18
8,256,17
8,256,18
8,256,18
8,256,19
8,256,18
8,256,19
8,256,18
8,256,18
8,256,18
8,256,18
8,256,18
8,256,18
8,256,18
8,256,18
8,256,18
8,256,18
8,256,18
8,256,19
8,256,18
8,256,18
8,256,18
8,256,20
8,256,18
8,256,18
8,256,18
8,256,18
8,256,21
8,256,20
8,256,20
8,256,20
8,256,20
8,256,20
8,256,19
8,256,18
8,256,18
8,256,19
8,256,18
8,256,18
8,256,19
8,256,19
8,512,31
8,512,31
8,512,30
8,512,31
8,512,30
8,512,32
8,512,34
8,512,35
8,512,34
8,512,35
8,512,31
8,512,30
8,512,31
8,512,30
8,512,32
8,512,30
8,512,30
8,512,47
8,512,31
8,512,32
8,512,30
8,512,32
8,512,32
8,512,30
8,512,33
8,512,48
8,512,32
8,512,31
8,512,32
8,512,31
8,512,31
8,512,32
8,512,31
8,512,30
8,512,30
8,512,31
8,512,31
8,512,30
8,512,31
8,512,34
8,512,33
8,512,34
8,512,34
8,512,34
8,512,34
8,512,30
8,512,34
8,512,31
8,512,30
8,512,31
8,512,30
8,512,31
8,512,33
8,512,30
8,512,31
8,512,31
8,512,49
8,512,30
8,512,59
8,512,30
8,512,58
8,512,32
8,512,48
8,512,30
8,512,49
8,512,31
8,512,48
8,512,30
8,512,63
8,512,30
8,512,30
8,512,30
8,512,31
8,512,30
8,512,31
8,512,30
8,512,31
8,512,31
8,512,30
8,512,30
8,512,30
8,512,30
8,512,30
8,512,33
8,512,30
8,512,34
8,512,34
8,512,41
8,512,34
8,512,36
8,512,36
8,512,30
8,512,34
8,512,32
8,512,30
8,512,31
8,512,31
8,512,31
8,512,30
8,512,30
16,2,4
16,2,4
16,2,4
16,2,4
16,2,4
16,2,4
16,2,4
16,2,4
16,2,5
16,2,5
16,2,5
16,2,4
16,2,4
16,2,4
16,2,4
16,2,4
16,2,27
16,2,4
16,2,4
16,2,5
16,2,5
16,2,4
16,2,4
16,2,4
16,2,4
16,2,4
16,2,5
16,2,4
16,2,4
16,2,4
16,2,4
16,2,4
16,2,4
16,2,4
16,2,4
16,2,4
16,2,4
16,2,4
16,2,4
16,2,4
16,2,4
16,2,4
16,2,4
16,2,6
16,2,5
16,2,5
16,2,4
16,2,4
16,2,4
16,2,4
16,2,4
16,2,4
16,2,4
16,2,4
16,2,4
16,2,4
16,2,4
16,2,4
16,2,4
16,2,4
16,2,4
16,2,4
16,2,4
16,2,4
16,2,4
16,2,5
16,2,5
16,2,4
16,2,5
16,2,4
16,2,4
16,2,4
16,2,4
16,2,4
16,2,4
16,2,4
16,2,4
16,2,4
16,2,4
16,2,4
16,2,4
16,2,4
16,2,4
16,2,4
16,2,4
16,2,5
16,2,4
16,2,4
16,2,5
16,2,5
16,2,5
16,2,5
16,2,4
16,2,5
16,2,4
16,2,4
16,2,4
16,2,5
16,2,5
16,2,4
16,4,6
16,4,6
16,4,6
16,4,5
16,4,4
16,4,4
16,4,4
16,4,4
16,4,5
16,4,4
16,4,5
16,4,4
16,4,4
16,4,4
16,4,4
16,4,4
16,4,5
16,4,5
16,4,5
16,4,5
16,4,4
16,4,4
16,4,4
16,4,4
16,4,4
16,4,4
16,4,4
16,4,5
16,4,4
16,4,4
16,4,4
16,4,4
16,4,4
16,4,4
16,4,4
16,4,4
16,4,4
16,4,5
16,4,5
16,4,4
16,4,4
16,4,5
16,4,5
16,4,5
16,4,5
16,4,5
16,4,6
16,4,4
16,4,4
16,4,4
16,4,5
16,4,4
16,4,4
16,4,4
16,4,4
16,4,4
16,4,4
16,4,4
16,4,5
16,4,4
16,4,4
16,4,4
16,4,4
16,4,5
16,4,5
16,4,4
16,4,4
16,4,4
16,4,5
16,4,4
16,4,5
16,4,4
16,4,4
16,4,5
16,4,4
16,4,4
16,4,5
16,4,4
16,4,4
16,4,4
16,4,5
16,4,4
16,4,4
16,4,4
16,4,4
16,4,5
16,4,5
16,4,5
16,4,5
16,4,5
16,4,5
16,4,5
16,4,4
16,4,4
16,4,5
16,4,4
16,4,4
16,4,4
16,4,20
16,4,5
16,8,5
16,8,5
16,8,5
16,8,4
16,8,4
16,8,5
16,8,5
16,8,5
16,8,5
16,8,6
16,8,5
16,8,5
16,8,5
16,8,5
16,8,6
16,8,5
16,8,4
16,8,5
16,8,5
16,8,5
16,8,5
16,8,4
16,8,5
16,8,5
16,8,5
16,8,5
16,8,5
16,8,5
16,8,5
16,8,5
16,8,5
16,8,5
16,8,5
16,8,4
16,8,5
16,8,5
16,8,5
16,8,5
16,8,4
16,8,5
16,8,5
16,8,5
16,8,5
16,8,5
16,8,6
16,8,5
16,8,5
16,8,5
16,8,5
16,8,5
16,8,4
16,8,5
16,8,5
16,8,10
16,8,5
16,8,21
16,8,5
16,8,5
16,8,5
16,8,5
16,8,5
16,8,4
16,8,5
16,8,5
16,8,5
16,8,5
16,8,5
16,8,5
16,8,5
16,8,5
16,8,5
16,8,5
16,8,5
16,8,5
16,8,5
16,8,5
16,8,5
16,8,5
16,8,5
16,8,5
16,8,5
16,8,5
16,8,4
16,8,5
16,8,5
16,8,5
16,8,5
16,8,5
16,8,5
16,8,5
16,8,5
16,8,7
16,8,5
16,8,5
16,8,5
16,8,5
16,8,6
16,8,5
16,8,5
16,8,5
16,16,5
16,16,6
16,16,6
16,16,6
16,16,6
16,16,5
16,16,6
16,16,6
16,16,6
16,16,5
16,16,5
16,16,6
16,16,6
16,16,5
16,16,6
16,16,6
16,16,5
16,16,5
16,16,5
16,16,5
16,16,22
16,16,6
16,16,6
16,16,5
16,16,6
16,16,6
16,16,5
16,16,5
16,16,6
16,16,5
16,16,5
16,16,6
16,16,6
16,16,5
16,16,6
16,16,6
16,16,6
16,16,5
16,16,5
16,16,5
16,16,6
16,16,6
16,16,6
16,16,5
16,16,5
16,16,5
16,16,5
16,16,5
16,16,5
16,16,6
16,16,6
16,16,6
16,16,6
16,16,5
16,16,6
16,16,5
16,16,6
16,16,6
16,16,6
16,16,6
16,16,5
16,16,6
16,16,5
16,16,6
16,16,5
16,16,5
16,16,6
16,16,6
16,16,5
16,16,6
16,16,6
16,16,5
16,16,5
16,16,5
16,16,5
16,16,5
16,16,6
16,16,6
16,16,6
16,16,6
16,16,6
16,16,5
16,16,6
16,16,7
16,16,7
16,16,7
16,16,8
16,16,7
16,16,23
16,16,6
16,16,5
16,16,5
16,16,5
16,16,5
16,16,5
16,16,5
16,16,6
16,16,6
16,16,6
16,16,5
16,32,8
16,32,8
16,32,7
16,32,7
16,32,7
16,32,6
16,32,7
16,32,7
16,32,7
16,32,7
16,32,7
16,32,7
16,32,7
16,32,7
16,32,7
16,32,7
16,32,6
16,32,7
16,32,7
16,32,7
16,32,6
16,32,7
16,32,7
16,32,7
16,32,7
16,32,7
16,32,7
16,32,7
16,32,7
16,32,7
16,32,7
16,32,7
16,32,7
16,32,6
16,32,7
16,32,7
16,32,7
16,32,7
16,32,6
16,32,14
16,32,9
16,32,31
16,32,10
16,32,9
16,32,7
16,32,7
16,32,8
16,32,7
16,32,7
16,32,7
16,32,11
16,32,7
16,32,8
16,32,7
16,32,7
16,32,7
16,32,6
16,32,7
16,32,7
16,32,7
16,32,7
16,32,7
16,32,7
16,32,7
16,32,7
16,32,7
16,32,7
16,32,7
16,32,7
16,32,7
16,32,7
16,32,7
16,32,7
16,32,7
16,32,7
16,32,7
16,32,6
16,32,7
16,32,7
16,32,7
16,32,7
16,32,7
16,32,7
16,32,7
16,32,6
16,32,7
16,32,7
16,32,7
16,32,7
16,32,7
16,32,7
16,32,7
16,32,7
16,32,8
16,32,7
16,32,7
16,32,7
16,32,6
16,32,7
16,32,7
16,64,17
16,64,10
16,64,10
16,64,9
16,64,9
16,64,9
16,64,9
16,64,9
16,64,9
16,64,8
16,64,9
16,64,10
16,64,9
16,64,9
16,64,10
16,64,9
16,64,9
16,64,9
16,64,9
16,64,9
16,64,9
16,64,10
16,64,8
16,64,9
16,64,9
16,64,10
16,64,9
16,64,9
16,64,9
16,64,9
16,64,9
16,64,9
16,64,9
16,64,25
16,64,9
16,64,9
16,64,9
16,64,9
16,64,10
16,64,9
16,64,10
16,64,10
16,64,12
16,64,12
16,64,9
16,64,10
16,64,25
16,64,9
16,64,9
16,64,8
16,64,10
16,64,10
16,64,8
16,64,9
16,64,10
16,64,9
16,64,8
16,64,9
16,64,9
16,64,8
16,64,9
16,64,9
16,64,9
16,64,9
16,64,9
16,64,9
16,64,8
16,64,9
16,64,9
16,64,9
16,64,9
16,64,9
16,64,9
16,64,9
16,64,10
16,64,9
16,64,10
16,64,10
16,64,9
16,64,9
16,64,9
16,64,9
16,64,9
16,64,9
16,64,10
16,64,10
16,64,10
16,64,10
16,64,10
16,64,10
16,64,10
16,64,9
16,64,9
16,64,9
16,64,9
16,64,9
16,64,10
16,64,9
16,64,9
16,64,9
16,128,14
16,128,14
16,128,14
16,128,13
16,128,13
16,128,13
16,128,12
16,128,15
16,128,13
16,128,12
16,128,13
16,128,13
16,128,14
16,128,13
16,128,19
16,128,13
16,128,13
16,128,14
16,128,14
16,128,15
16,128,14
16,128,14
16,128,13
16,128,12
16,128,12
16,128,13
16,128,13
16,128,13
16,128,13
16,128,13
16,128,12
16,128,14
16,128,14
16,128,14
16,128,14
16,128,14
16,128,14
16,128,13
16,128,13
16,128,14
16,128,14
16,128,14
16,128,14
16,128,16
16,128,18
16,128,13
16,128,13
16,128,14
16,128,13
16,128,13
16,128,13
16,128,13
16,128,13
16,128,13
16,128,13
16,128,13
16,128,28
16,128,14
16,128,14
16,128,13
16,128,13
16,128,13
16,128,13
16,128,13
16,128,13
16,128,14
16,128,13
16,128,13
16,128,13
16,128,14
16,128,14
16,128,14
16,128,13
16,128,13
16,128,12
16,128,13
16,128,13
16,128,13
16,128,13
16,128,14
16,128,13
16,128,13
16,128,13
16,128,13
16,128,15
16,128,15
16,128,14
16,128,14
16,128,18
16,128,14
16,128,15
16,128,12
16,128,13
16,128,13
16,128,12
16,128,13
16,128,13
16,128,14
16,128,13
16,128,14
16,256,24
16,256,21
16,256,20
16,256,20
16,256,21
16,256,21
16,256,20
16,256,21
16,256,20
16,256,42
16,256,22
16,256,22
16,256,21
16,256,20
16,256,20
16,256,20
16,256,20
16,256,20
16,256,20
16,256,22
16,256,21
16,256,20
16,256,23
16,256,20
16,256,20
16,256,22
16,256,20
16,256,20
16,256,21
16,256,20
16,256,23
16,256,23
16,256,23
16,256,23
16,256,52
16,256,20
16,256,20
16,256,22
16,256,23
16,256,23
16,256,22
16,256,23
16,256,23
16,256,26
16,256,21
16,256,20
16,256,20
16,256,21
16,256,20
16,256,21
16,256,20
16,256,21
16,256,20
16,256,22
16,256,20
16,256,20
16,256,20
16,256,20
16,256,21
16,256,20
16,256,21
16,256,20
16,256,21
16,256,20
16,256,20
16,256,21
16,256,20
16,256,20
16,256,21
16,256,21
16,256,20
16,256,41
16,256,21
16,256,20
16,256,20
16,256,20
16,256,20
16,256,20
16,256,21
16,256,20
16,256,20
16,256,21
16,256,41
16,256,29
16,256,22
16,256,22
16,256,22
16,256,20
16,256,20
16,256,20
16,256,35
16,256,20
16,256,27
16,256,20
16,256,22
16,256,21
16,256,20
16,256,21
16,256,20
16,256,20
16,512,35
16,512,35
16,512,39
16,512,35
16,512,35
16,512,35
16,512,39
16,512,39
16,512,38
16,512,40
16,512,38
16,512,35
16,512,35
16,512,36
16,512,36
16,512,34
16,512,51
16,512,34
16,512,34
16,512,39
16,512,54
16,512,35
16,512,34
16,512,36
16,512,34
16,512,34
16,512,35
16,512,34
16,512,36
16,512,34
16,512,36
16,512,34
16,512,34
16,512,34
16,512,36
16,512,35
16,512,42
16,512,35
16,512,38
16,512,39
16,512,38
16,512,38
16,512,39
16,512,39
16,512,55
16,512,34
16,512,34
16,512,35
16,512,34
16,512,36
16,512,35
16,512,37
16,512,34
16,512,37
16,512,35
16,512,37
16,512,34
16,512,39
16,512,35
16,512,36
16,512,34
16,512,36
16,512,35
16,512,37
16,512,34
16,512,36
16,512,34
16,512,35
16,512,36
16,512,54
16,512,39
16,512,34
16,512,35
16,512,35
16,512,34
16,512,36
16,512,35
16,512,34
16,512,53
16,512,36
16,512,34
16,512,35
16,512,35
16,512,38
16,512,38
16,512,38
16,512,39
16,512,34
16,512,39
16,512,35
16,512,36
16,512,34
16,512,34
16,512,49
16,512,34
16,512,34
16,512,37
16,512,35
16,512,62
16,512,35
32,2,4
32,2,4
32,2,4
32,2,4
32,2,4
32,2,4
32,2,4
32,2,4
32,2,4
32,2,4
32,2,5
32,2,5
32,2,4
32,2,4
32,2,4
32,2,4
32,2,4
32,2,4
32,2,4
32,2,4
32,2,4
32,2,4
32,2,4
32,2,4
32,2,4
32,2,4
32,2,4
32,2,4
32,2,4
32,2,4
32,2,4
32,2,4
32,2,4
32,2,4
32,2,4
32,2,19
32,2,4
32,2,4
32,2,4
32,2,4
32,2,4
32,2,4
32,2,4
32,2,4
32,2,4
32,2,5
32,2,4
32,2,4
32,2,4
32,2,4
32,2,4
32,2,4
32,2,4
32,2,4
32,2,4
32,2,4
32,2,4
32,2,4
32,2,4
32,2,4
32,2,4
32,2,4
32,2,4
32,2,4
32,2,4
32,2,4
32,2,4
32,2,4
32,2,4
32,2,4
32,2,4
32,2,4
32,2,4
32,2,4
32,2,20
32,2,4
32,2,4
32,2,4
32,2,4
32,2,4
32,2,4
32,2,4
32,2,4
32,2,5
32,2,4
32,2,4
32,2,4
32,2,4
32,2,4
32,2,4
32,2,4
32,2,5
32,2,5
32,2,4
32,2,4
32,2,4
32,2,4
32,2,4
32,2,4
32,2,4
32,4,4
32,4,4
32,4,6
32,4,5
32,4,4
32,4,4
32,4,4
32,4,5
32,4,4
32,4,4
32,4,4
32,4,5
32,4,4
32,4,4
32,4,4
32,4,4
32,4,4
32,4,5
32,4,9
32,4,4
32,4,5
32,4,4
32,4,4
32,4,4
32,4,4
32,4,4
32,4,19
32,4,4
32,4,4
32,4,4
32,4,4
32,4,4
32,4,4
32,4,4
32,4,4
32,4,4
32,4,4
32,4,4
32,4,4
32,4,4
32,4,5
32,4,5
32,4,5
32,4,4
32,4,4
32,4,4
32,4,4
32,4,4
32,4,4
32,4,4
32,4,4
32,4,4
32,4,4
32,4,4
32,4,4
32,4,4
32,4,4
32,4,4
32,4,4
32,4,4
32,4,4
32,4,4
32,4,4
32,4,4
32,4,4
32,4,4
32,4,4
32,4,4
32,4,4
32,4,4
32,4,4
32,4,4
32,4,4
32,4,4
32,4,4
32,4,4
32,4,4
32,4,4
32,4,4
32,4,4
32,4,5
32,4,4
32,4,4
32,4,4
32,4,5
32,4,4
32,4,5
32,4,4
32,4,5
32,4,4
32,4,5
32,4,4
32,4,4
32,4,4
32,4,4
32,4,4
32,4,4
32,4,5
32,4,4
32,4,4
32,8,5
32,8,6
32,8,6
32,8,5
32,8,5
32,8,5
32,8,5
32,8,5
32,8,4
32,8,5
32,8,4
32,8,14
32,8,5
32,8,5
32,8,5
32,8,5
32,8,5
32,8,4
32,8,5
32,8,4
32,8,5
32,8,5
32,8,4
32,8,5
32,8,5
32,8,4
32,8,4
32,8,4
32,8,5
32,8,5
32,8,20
32,8,5
32,8,5
32,8,4
32,8,4
32,8,5
32,8,5
32,8,5
32,8,6
32,8,5
32,8,5
32,8,5
32,8,5
32,8,6
32,8,5
32,8,5
32,8,5
32,8,5
32,8,5
32,8,4
32,8,4
32,8,5
32,8,5
32,8,5
32,8,5
32,8,4
32,8,5
32,8,5
32,8,5
32,8,5
32,8,4
32,8,4
32,8,5
32,8,5
32,8,5
32,8,5
32,8,6
32,8,5
32,8,5
32,8,4
32,8,5
32,8,5
32,8,5
32,8,5
32,8,5
32,8,4
32,8,5
32,8,5
32,8,5
32,8,5
32,8,5
32,8,4
32,8,6
32,8,5
32,8,5
32,8,5
32,8,5
32,8,5
32,8,5
32,8,5
32,8,5
32,8,6
32,8,5
32,8,5
32,8,4
32,8,4
32,8,4
32,8,5
32,8,5
32,8,5
32,16,5
32,16,7
32,16,7
32,16,6
32,16,6
32,16,6
32,16,5
32,16,5
32,16,5
32,16,5
32,16,6
32,16,5
32,16,5
32,16,6
32,16,6
32,16,6
32,16,6
32,16,5
32,16,5
32,16,6
32,16,5
32,16,5
32,16,5
32,16,5
32,16,5
32,16,5
32,16,5
32,16,5
32,16,6
32,16,6
32,16,5
32,16,5
32,16,6
32,16,5
32,16,5
32,16,22
32,16,5
32,16,6
32,16,6
32,16,6
32,16,6
32,16,6
32,16,6
32,16,6
32,16,7
32,16,7
32,16,6
32,16,5
32,16,6
32,16,5
32,16,5
32,16,5
32,16,6
32,16,5
32,16,5
32,16,6
32,16,5
32,16,5
32,16,5
32,16,6
32,16,5
32,16,6
32,16,6
32,16,5
32,16,6
32,16,6
32,16,6
32,16,6
32,16,5
32,16,5
32,16,5
32,16,5
32,16,6
32,16,5
32,16,6
32,16,5
32,16,6
32,16,6
32,16,5
32,16,5
32,16,5
32,16,6
32,16,5
32,16,6
32,16,5
32,16,5
32,16,6
32,16,6
32,16,7
32,16,7
32,16,6
32,16,6
32,16,8
32,16,5
32,16,5
32,16,6
32,16,6
32,16,5
32,16,6
32,16,6
32,32,7
32,32,7
32,32,7
32,32,7
32,32,7
32,32,7
32,32,7
32,32,6
32,32,7
32,32,23
32,32,7
32,32,9
32,32,7
32,32,7
32,32,7
32,32,7
32,32,7
32,32,7
32,32,7
32,32,7
32,32,7
32,32,7
32,32,7
32,32,7
32,32,7
32,32,7
32,32,7
32,32,7
32,32,7
32,32,7
32,32,7
32,32,7
32,32,7
32,32,7
32,32,7
32,32,6
32,32,7
32,32,6
32,32,6
32,32,8
32,32,7
32,32,7
32,32,7
32,32,8
32,32,8
32,32,8
32,32,7
32,32,7
32,32,7
32,32,7
32,32,7
32,32,6
32,32,7
32,32,8
32,32,7
32,32,7
32,32,7
32,32,6
32,32,7
32,32,7
32,32,7
32,32,7
32,32,7
32,32,7
32,32,7
32,32,7
32,32,7
32,32,6
32,32,7
32,32,7
32,32,7
32,32,7
32,32,7
32,32,7
32,32,7
32,32,7
32,32,7
32,32,7
32,32,6
32,32,7
32,32,7
32,32,6
32,32,7
32,32,7
32,32,7
32,32,6
32,32,7
32,32,8
32,32,8
32,32,8
32,32,8
32,32,8
32,32,7
32,32,6
32,32,7
32,32,7
32,32,6
32,32,7
32,32,7
32,32,7
32,64,12
32,64,11
32,64,11
32,64,10
32,64,10
32,64,10
32,64,10
32,64,10
32,64,10
32,64,9
32,64,9
32,64,9
32,64,9
32,64,10
32,64,9
32,64,9
32,64,9
32,64,9
32,64,9
32,64,9
32,64,9
32,64,9
32,64,9
32,64,9
32,64,9
32,64,10
32,64,10
32,64,9
32,64,10
32,64,10
32,64,11
32,64,11
32,64,9
32,64,10
32,64,9
32,64,9
32,64,10
32,64,9
32,64,9
32,64,13
32,64,13
32,64,10
32,64,10
32,64,10
32,64,11
32,64,9
32,64,9
32,64,9
32,64,10
32,64,9
32,64,9
32,64,9
32,64,11
32,64,9
32,64,9
32,64,9
32,64,9
32,64,9
32,64,9
32,64,9
32,64,9
32,64,9
32,64,9
32,64,9
32,64,10
32,64,11
32,64,10
32,64,10
32,64,9
32,64,9
32,64,9
32,64,10
32,64,9
32,64,10
32,64,10
32,64,9
32,64,11
32,64,10
32,64,10
32,64,9
32,64,9
32,64,11
32,64,9
32,64,9
32,64,12
32,64,12
32,64,12
32,64,12
32,64,11
32,64,13
32,64,10
32,64,9
32,64,10
32,64,10
32,64,9
32,64,10
32,64,9
32,64,10
32,64,9
32,64,10
32,128,16
32,128,15
32,128,14
32,128,14
32,128,14
32,128,15
32,128,14
32,128,21
32,128,14
32,128,14
32,128,14
32,128,14
32,128,13
32,128,14
32,128,13
32,128,13
32,128,15
32,128,14
32,128,37
32,128,13
32,128,14
32,128,14
32,128,14
32,128,14
32,128,14
32,128,14
32,128,14
32,128,14
32,128,14
32,128,38
32,128,14
32,128,14
32,128,14
32,128,14
32,128,13
32,128,15
32,128,14
32,128,14
32,128,15
32,128,13
32,128,16
32,128,15
32,128,15
32,128,31
32,128,15
32,128,15
32,128,14
32,128,14
32,128,14
32,128,14
32,128,14
32,128,14
32,128,14
32,128,45
32,128,14
32,128,14
32,128,14
32,128,31
32,128,14
32,128,14
32,128,14
32,128,13
32,128,14
32,128,14
32,128,14
32,128,13
32,128,14
32,128,14
32,128,14
32,128,14
32,128,14
32,128,14
32,128,15
32,128,14
32,128,14
32,128,13
32,128,15
32,128,13
32,128,13
32,128,14
32,128,13
32,128,14
32,128,13
32,128,14
32,128,14
32,128,13
32,128,15
32,128,15
32,128,15
32,128,16
32,128,15
32,128,16
32,128,14
32,128,15
32,128,14
32,128,14
32,128,14
32,128,13
32,128,14
32,128,14
32,256,25
32,256,24
32,256,22
32,256,24
32,256,23
32,256,24
32,256,23
32,256,24
32,256,42
32,256,24
32,256,24
32,256,23
32,256,23
32,256,22
32,256,24
32,256,24
32,256,22
32,256,22
32,256,24
32,256,23
32,256,23
32,256,22
32,256,25
32,256,22
32,256,23
32,256,22
32,256,25
32,256,23
32,256,23
32,256,22
32,256,23
32,256,26
32,256,23
32,256,41
32,256,24
32,256,23
32,256,24
32,256,23
32,256,25
32,256,33
32,256,25
32,256,25
32,256,25
32,256,26
32,256,26
32,256,24
32,256,23
32,256,25
32,256,26
32,256,41
32,256,23
32,256,24
32,256,23
32,256,33
32,256,23
32,256,23
32,256,24
32,256,23
32,256,34
32,256,23
32,256,23
32,256,23
32,256,23
32,256,24
32,256,23
32,256,22
32,256,25
32,256,23
32,256,22
32,256,24
32,256,23
32,256,24
32,256,23
32,256,40
32,256,22
32,256,23
32,256,23
32,256,23
32,256,23
32,256,26
32,256,26
32,256,25
32,256,26
32,256,22
32,256,23
32,256,25
32,256,26
32,256,25
32,256,25
32,256,26
32,256,32
32,256,23
32,256,23
32,256,24
32,256,23
32,256,22
32,256,22
32,256,23
32,256,23
32,256,23
32,512,40
32,512,43
32,512,45
32,512,45
32,512,45
32,512,45
32,512,40
32,512,41
32,512,47
32,512,41
32,512,42
32,512,40
32,512,40
32,512,45
32,512,45
32,512,46
32,512,46
32,512,48
32,512,41
32,512,41
32,512,41
32,512,41
32,512,41
32,512,41
32,512,40
32,512,51
32,512,41
32,512,40
32,512,59
32,512,59
32,512,40
32,512,42
32,512,40
32,512,41
32,512,40
32,512,48
32,512,41
32,512,40
32,512,46
32,512,45
32,512,46
32,512,45
32,512,45
32,512,54
32,512,41
32,512,43
32,512,40
32,512,66
32,512,40
32,512,41
32,512,40
32,512,43
32,512,41
32,512,40
32,512,41
32,512,41
32,512,41
32,512,40
32,512,43
32,512,40
32,512,43
32,512,41
32,512,40
32,512,41
32,512,41
32,512,41
32,512,42
32,512,41
32,512,43
32,512,41
32,512,40
32,512,41
32,512,40
32,512,40
32,512,40
32,512,40
32,512,40
32,512,42
32,512,40
32,512,43
32,512,40
32,512,49
32,512,40
32,512,80
32,512,45
32,512,53
32,512,57
32,512,41
32,512,58
32,512,43
32,512,40
32,512,43
32,512,40
32,512,41
32,512,43
32,512,40
32,512,40
32,512,43
32,512,41
32,512,40
64,2,5
64,2,5
64,2,4
64,2,4
64,2,4
64,2,4
64,2,4
64,2,4
64,2,4
64,2,4
64,2,5
64,2,5
64,2,4
64,2,4
64,2,4
64,2,4
64,2,4
64,2,4
64,2,4
64,2,4
64,2,4
64,2,4
64,2,4
64,2,4
64,2,4
64,2,4
64,2,4
64,2,4
64,2,4
64,2,4
64,2,4
64,2,4
64,2,4
64,2,4
64,2,4
64,2,4
64,2,4
64,2,4
64,2,5
64,2,5
64,2,4
64,2,4
64,2,5
64,2,4
64,2,5
64,2,4
64,2,4
64,2,4
64,2,4
64,2,4
64,2,4
64,2,4
64,2,4
64,2,4
64,2,4
64,2,4
64,2,4
64,2,4
64,2,4
64,2,10
64,2,4
64,2,4
64,2,4
64,2,4
64,2,4
64,2,4
64,2,4
64,2,20
64,2,4
64,2,4
64,2,4
64,2,4
64,2,4
64,2,4
64,2,4
64,2,4
64,2,4
64,2,4
64,2,4
64,2,5
64,2,4
64,2,4
64,2,4
64,2,4
64,2,4
64,2,4
64,2,4
64,2,4
64,2,4
64,2,4
64,2,4
64,2,5
64,2,5
64,2,4
64,2,4
64,2,4
64,2,4
64,2,4
64,2,11
64,2,4
64,4,6
64,4,5
64,4,5
64,4,4
64,4,4
64,4,4
64,4,4
64,4,4
64,4,4
64,4,4
64,4,5
64,4,5
64,4,4
64,4,5
64,4,5
64,4,4
64,4,4
64,4,4
64,4,4
64,4,4
64,4,5
64,4,4
64,4,5
64,4,5
64,4,5
64,4,4
64,4,4
64,4,5
64,4,4
64,4,20
64,4,5
64,4,4
64,4,4
64,4,5
64,4,4
64,4,4
64,4,4
64,4,4
64,4,5
64,4,5
64,4,5
64,4,5
64,4,5
64,4,5
64,4,5
64,4,4
64,4,4
64,4,4
64,4,4
64,4,4
64,4,4
64,4,4
64,4,5
64,4,4
64,4,4
64,4,5
64,4,5
64,4,4
64,4,5
64,4,4
64,4,5
64,4,4
64,4,4
64,4,4
64,4,4
64,4,5
64,4,5
64,4,4
64,4,4
64,4,4
64,4,20
64,4,4
64,4,4
64,4,4
64,4,4
64,4,4
64,4,5
64,4,4
64,4,4
64,4,4
64,4,4
64,4,4
64,4,4
64,4,4
64,4,6
64,4,5
64,4,5
64,4,5
64,4,5
64,4,5
64,4,5
64,4,5
64,4,4
64,4,4
64,4,5
64,4,5
64,4,4
64,4,5
64,4,4
64,4,5
64,8,5
64,8,5
64,8,5
64,8,5
64,8,5
64,8,5
64,8,5
64,8,5
64,8,5
64,8,5
64,8,7
64,8,6
64,8,6
64,8,6
64,8,5
64,8,5
64,8,5
64,8,5
64,8,5
64,8,5
64,8,5
64,8,4
64,8,5
64,8,5
64,8,5
64,8,5
64,8,5
64,8,5
64,8,5
64,8,5
64,8,5
64,8,5
64,8,5
64,8,5
64,8,5
64,8,5
64,8,4
64,8,5
64,8,5
64,8,6
64,8,5
64,8,5
64,8,5
64,8,5
64,8,5
64,8,5
64,8,5
64,8,5
64,8,5
64,8,5
64,8,5
64,8,5
64,8,5
64,8,5
64,8,5
64,8,5
64,8,5
64,8,5
64,8,5
64,8,5
64,8,5
64,8,5
64,8,5
64,8,5
64,8,5
64,8,5
64,8,5
64,8,4
64,8,5
64,8,4
64,8,5
64,8,5
64,8,5
64,8,5
64,8,5
64,8,5
64,8,5
64,8,5
64,8,5
64,8,5
64,8,5
64,8,5
64,8,5
64,8,5
64,8,5
64,8,6
64,8,7
64,8,6
64,8,6
64,8,5
64,8,6
64,8,6
64,8,5
64,8,5
64,8,5
64,8,5
64,8,5
64,8,5
64,8,5
64,8,5
64,16,6
64,16,7
64,16,6
64,16,6
64,16,6
64,16,6
64,16,6
64,16,6
64,16,6
64,16,6
64,16,6
64,16,6
64,16,7
64,16,5
64,16,6
64,16,6
64,16,6
64,16,6
64,16,6
64,16,6
64,16,6
64,16,7
64,16,7
64,16,7
64,16,6
64,16,7
64,16,6
64,16,6
64,16,6
64,16,6
64,16,6
64,16,6
64,16,5
64,16,5
64,16,6
64,16,6
64,16,6
64,16,6
64,16,6
64,16,6
64,16,6
64,16,7
64,16,6
64,16,7
64,16,7
64,16,7
64,16,6
64,16,6
64,16,5
64,16,6
64,16,6
64,16,6
64,16,6
64,16,6
64,16,6
64,16,5
64,16,5
64,16,6
64,16,6
64,16,6
64,16,5
64,16,6
64,16,7
64,16,6
64,16,6
64,16,6
64,16,5
64,16,6
64,16,6
64,16,6
64,16,6
64,16,6
64,16,6
64,16,6
64,16,6
64,16,5
64,16,6
64,16,6
64,16,6
64,16,6
64,16,5
64,16,6
64,16,6
64,16,6
64,16,12
64,16,7
64,16,7
64,16,7
64,16,7
64,16,8
64,16,7
64,16,6
64,16,5
64,16,6
64,16,7
64,16,6
64,16,6
64,16,7
64,16,6
64,16,6
64,32,8
64,32,8
64,32,8
64,32,7
64,32,8
64,32,8
64,32,8
64,32,8
64,32,8
64,32,14
64,32,7
64,32,8
64,32,8
64,32,8
64,32,9
64,32,8
64,32,7
64,32,8
64,32,7
64,32,7
64,32,8
64,32,8
64,32,8
64,32,8
64,32,8
64,32,7
64,32,8
64,32,8
64,32,7
64,32,23
64,32,7
64,32,8
64,32,8
64,32,8
64,32,8
64,32,7
64,32,8
64,32,7
64,32,8
64,32,8
64,32,8
64,32,8
64,32,10
64,32,9
64,32,7
64,32,7
64,32,8
64,32,8
64,32,8
64,32,7
64,32,8
64,32,15
64,32,7
64,32,12
64,32,7
64,32,8
64,32,7
64,32,8
64,32,7
64,32,7
64,32,8
64,32,7
64,32,8
64,32,7
64,32,7
64,32,8
64,32,7
64,32,9
64,32,8
64,32,8
64,32,8
64,32,8
64,32,7
64,32,8
64,32,8
64,32,7
64,32,8
64,32,7
64,32,7
64,32,7
64,32,7
64,32,8
64,32,7
64,32,8
64,32,8
64,32,9
64,32,9
64,32,9
64,32,8
64,32,26
64,32,9
64,32,8
64,32,7
64,32,8
64,32,8
64,32,7
64,32,8
64,32,7
64,32,8
64,32,8
64,64,11
64,64,11
64,64,10
64,64,11
64,64,11
64,64,12
64,64,11
64,64,12
64,64,11
64,64,14
64,64,12
64,64,11
64,64,12
64,64,11
64,64,11
64,64,11
64,64,11
64,64,10
64,64,11
64,64,11
64,64,11
64,64,10
64,64,12
64,64,10
64,64,11
64,64,10
64,64,11
64,64,10
64,64,11
64,64,10
64,64,11
64,64,10
64,64,11
64,64,11
64,64,11
64,64,11
64,64,11
64,64,10
64,64,12
64,64,12
64,64,15
64,64,14
64,64,35
64,64,12
64,64,12
64,64,12
64,64,12
64,64,10
64,64,11
64,64,17
64,64,10
64,64,11
64,64,10
64,64,11
64,64,17
64,64,10
64,64,11
64,64,11
64,64,10
64,64,11
64,64,10
64,64,10
64,64,11
64,64,12
64,64,12
64,64,13
64,64,10
64,64,10
64,64,11
64,64,11
64,64,11
64,64,10
64,64,11
64,64,11
64,64,11
64,64,11
64,64,12
64,64,11
64,64,11
64,64,12
64,64,12
64,64,13
64,64,12
64,64,12
64,64,10
64,64,11
64,64,16
64,64,13
64,64,13
64,64,14
64,64,12
64,64,15
64,64,12
64,64,11
64,64,11
64,64,11
64,64,11
64,64,11
64,64,11
64,64,10
64,128,19
64,128,17
64,128,17
64,128,16
64,128,17
64,128,17
64,128,17
64,128,17
64,128,17
64,128,17
64,128,18
64,128,19
64,128,17
64,128,17
64,128,17
64,128,17
64,128,16
64,128,17
64,128,18
64,128,17
64,128,17
64,128,16
64,128,34
64,128,17
64,128,16
64,128,17
64,128,17
64,128,18
64,128,16
64,128,17
64,128,17
64,128,16
64,128,16
64,128,18
64,128,17
64,128,18
64,128,17
64,128,17
64,128,17
64,128,19
64,128,18
64,128,18
64,128,19
64,128,24
64,128,19
64,128,17
64,128,16
64,128,19
64,128,17
64,128,28
64,128,17
64,128,18
64,128,16
64,128,17
64,128,16
64,128,17
64,128,17
64,128,17
64,128,16
64,128,17
64,128,16
64,128,18
64,128,25
64,128,16
64,128,16
64,128,17
64,128,17
64,128,17
64,128,17
64,128,17
64,128,17
64,128,16
64,128,17
64,128,17
64,128,17
64,128,16
64,128,17
64,128,17
64,128,17
64,128,17
64,128,16
64,128,17
64,128,17
64,128,16
64,128,17
64,128,19
64,128,19
64,128,18
64,128,17
64,128,18
64,128,17
64,128,18
64,128,17
64,128,17
64,128,17
64,128,17
64,128,18
64,128,18
64,128,17
64,128,19
64,256,30
64,256,29
64,256,29
64,256,46
64,256,29
64,256,29
64,256,29
64,256,46
64,256,29
64,256,30
64,256,33
64,256,32
64,256,29
64,256,29
64,256,29
64,256,29
64,256,29
64,256,28
64,256,28
64,256,30
64,256,29
64,256,32
64,256,29
64,256,31
64,256,29
64,256,30
64,256,29
64,256,29
64,256,28
64,256,30
64,256,29
64,256,28
64,256,28
64,256,34
64,256,28
64,256,31
64,256,28
64,256,28
64,256,30
64,256,32
64,256,32
64,256,32
64,256,32
64,256,43
64,256,31
64,256,29
64,256,28
64,256,29
64,256,28
64,256,30
64,256,28
64,256,28
64,256,29
64,256,29
64,256,28
64,256,29
64,256,29
64,256,29
64,256,61
64,256,29
64,256,30
64,256,29
64,256,29
64,256,29
64,256,29
64,256,31
64,256,30
64,256,28
64,256,32
64,256,29
64,256,29
64,256,28
64,256,30
64,256,29
64,256,28
64,256,29
64,256,29
64,256,29
64,256,29
64,256,29
64,256,28
64,256,30
64,256,28
64,256,28
64,256,32
64,256,31
64,256,32
64,256,32
64,256,32
64,256,32
64,256,46
64,256,29
64,256,28
64,256,28
64,256,29
64,256,29
64,256,29
64,256,29
64,256,31
64,256,29
64,512,52
64,512,58
64,512,59
64,512,58
64,512,52
64,512,53
64,512,56
64,512,54
64,512,86
64,512,72
64,512,53
64,512,53
64,512,52
64,512,55
64,512,52
64,512,55
64,512,53
64,512,52
64,512,69
64,512,53
64,512,52
64,512,52
64,512,52
64,512,68
64,512,53
64,512,82
64,512,53
64,512,52
64,512,53
64,512,53
64,512,52
64,512,53
64,512,52
64,512,52
64,512,52
64,512,53
64,512,55
64,512,53
64,512,57
64,512,80
64,512,58
64,512,78
64,512,59
64,512,58
64,512,78
64,512,52
64,512,55
64,512,53
64,512,55
64,512,53
64,512,52
64,512,53
64,512,53
64,512,77
64,512,53
64,512,53
64,512,55
64,512,53
64,512,55
64,512,52
64,512,56
64,512,52
64,512,56
64,512,52
64,512,55
64,512,53
64,512,52
64,512,52
64,512,52
64,512,52
64,512,52
64,512,53
64,512,52
64,512,55
64,512,52
64,512,69
64,512,52
64,512,61
64,512,52
64,512,66
64,512,52
64,512,65
64,512,52
64,512,52
64,512,58
64,512,71
64,512,58
64,512,59
64,512,58
64,512,59
64,512,52
64,512,52
64,512,52
64,512,52
64,512,55
64,512,53
64,512,76
64,512,58
64,512,52
64,512,55
128,2,5
128,2,5
128,2,4
128,2,4
128,2,4
128,2,4
128,2,4
128,2,4
128,2,4
128,2,4
128,2,5
128,2,5
128,2,4
128,2,4
128,2,4
128,2,4
128,2,4
128,2,4
128,2,4
128,2,4
128,2,5
128,2,4
128,2,4
128,2,4
128,2,4
128,2,4
128,2,4
128,2,4
128,2,4
128,2,4
128,2,4
128,2,4
128,2,4
128,2,4
128,2,4
128,2,4
128,2,4
128,2,4
128,2,4
128,2,4
128,2,5
128,2,5
128,2,5
128,2,5
128,2,5
128,2,4
128,2,5
128,2,4
128,2,4
128,2,4
128,2,4
128,2,4
128,2,4
128,2,4
128,2,4
128,2,4
128,2,4
128,2,4
128,2,4
128,2,4
128,2,4
128,2,4
128,2,4
128,2,4
128,2,5
128,2,4
128,2,4
128,2,4
128,2,4
128,2,4
128,2,5
128,2,20
128,2,4
128,2,12
128,2,9
128,2,7
128,2,6
128,2,6
128,2,6
128,2,5
128,2,5
128,2,10
128,2,5
128,2,5
128,2,5
128,2,5
128,2,5
128,2,4
128,2,4
128,2,4
128,2,5
128,2,4
128,2,4
128,2,4
128,2,4
128,2,4
128,2,4
128,2,4
128,2,4
128,2,4
128,4,7
128,4,6
128,4,5
128,4,4
128,4,5
128,4,5
128,4,5
128,4,5
128,4,5
128,4,5
128,4,5
128,4,5
128,4,5
128,4,5
128,4,5
128,4,5
128,4,4
128,4,5
128,4,5
128,4,5
128,4,4
128,4,5
128,4,4
128,4,5
128,4,5
128,4,5
128,4,5
128,4,4
128,4,4
128,4,5
128,4,5
128,4,5
128,4,5
128,4,5
128,4,5
128,4,5
128,4,5
128,4,4
128,4,4
128,4,5
128,4,5
128,4,5
128,4,5
128,4,5
128,4,6
128,4,7
128,4,4
128,4,5
128,4,4
128,4,5
128,4,4
128,4,5
128,4,5
128,4,5
128,4,4
128,4,4
128,4,5
128,4,5
128,4,5
128,4,4
128,4,5
128,4,4
128,4,20
128,4,4
128,4,5
128,4,4
128,4,5
128,4,4
128,4,5
128,4,5
128,4,5
128,4,5
128,4,5
128,4,5
128,4,4
128,4,4
128,4,5
128,4,5
128,4,5
128,4,5
128,4,5
128,4,4
128,4,5
128,4,4
128,4,5
128,4,5
128,4,5
128,4,5
128,4,5
128,4,5
128,4,5
128,4,6
128,4,5
128,4,5
128,4,5
128,4,5
128,4,4
128,4,4
128,4,4
128,4,5
128,8,5
128,8,8
128,8,6
128,8,6
128,8,6
128,8,6
128,8,5
128,8,6
128,8,21
128,8,6
128,8,5
128,8,5
128,8,5
128,8,6
128,8,5
128,8,6
128,8,5
128,8,6
128,8,5
128,8,5
128,8,5
128,8,5
128,8,6
128,8,5
128,8,5
128,8,6
128,8,6
128,8,5
128,8,5
128,8,5
128,8,5
128,8,5
128,8,5
128,8,6
128,8,5
128,8,5
128,8,6
128,8,5
128,8,5
128,8,6
128,8,5
128,8,6
128,8,6
128,8,6
128,8,5
128,8,6
128,8,6
128,8,5
128,8,5
128,8,6
128,8,5
128,8,5
128,8,5
128,8,6
128,8,5
128,8,6
128,8,5
128,8,5
128,8,5
128,8,5
128,8,5
128,8,6
128,8,6
128,8,5
128,8,6
128,8,5
128,8,5
128,8,5
128,8,5
128,8,6
128,8,5
128,8,6
128,8,5
128,8,5
128,8,5
128,8,6
128,8,5
128,8,5
128,8,5
128,8,5
128,8,6
128,8,6
128,8,5
128,8,5
128,8,5
128,8,5
128,8,6
128,8,5
128,8,6
128,8,7
128,8,6
128,8,6
128,8,6
128,8,6
128,8,5
128,8,5
128,8,5
128,8,5
128,8,5
128,8,5
128,16,7
128,16,12
128,16,9
128,16,7
128,16,7
128,16,23
128,16,7
128,16,6
128,16,7
128,16,7
128,16,7
128,16,7
128,16,7
128,16,6
128,16,7
128,16,7
128,16,6
128,16,7
128,16,8
128,16,7
128,16,7
128,16,7
128,16,6
128,16,7
128,16,6
128,16,6
128,16,6
128,16,6
128,16,7
128,16,7
128,16,8
128,16,7
128,16,7
128,16,7
128,16,7
128,16,7
128,16,6
128,16,6
128,16,7
128,16,7
128,16,7
128,16,8
128,16,7
128,16,8
128,16,7
128,16,7
128,16,7
128,16,6
128,16,7
128,16,6
128,16,7
128,16,6
128,16,8
128,16,6
128,16,9
128,16,7
128,16,6
128,16,6
128,16,6
128,16,7
128,16,6
128,16,7
128,16,7
128,16,7
128,16,7
128,16,7
128,16,7
128,16,7
128,16,6
128,16,7
128,16,7
128,16,6
128,16,7
128,16,7
128,16,7
128,16,7
128,16,7
128,16,6
128,16,7
128,16,7
128,16,7
128,16,6
128,16,7
128,16,6
128,16,7
128,16,7
128,16,6
128,16,7
128,16,7
128,16,8
128,16,7
128,16,6
128,16,7
128,16,7
128,16,7
128,16,6
128,16,7
128,16,7
128,16,6
128,16,6
128,32,11
128,32,10
128,32,10
128,32,9
128,32,10
128,32,9
128,32,9
128,32,10
128,32,9
128,32,9
128,32,8
128,32,8
128,32,9
128,32,9
128,32,9
128,32,9
128,32,10
128,32,9
128,32,8
128,32,8
128,32,9
128,32,9
128,32,9
128,32,8
128,32,8
128,32,9
128,32,9
128,32,10
128,32,10
128,32,9
128,32,9
128,32,9
128,32,9
128,32,9
128,32,10
128,32,9
128,32,9
128,32,9
128,32,9
128,32,9
128,32,10
128,32,10
128,32,9
128,32,10
128,32,10
128,32,10
128,32,10
128,32,9
128,32,9
128,32,9
128,32,9
128,32,9
128,32,9
128,32,9
128,32,9
128,32,9
128,32,8
128,32,9
128,32,8
128,32,9
128,32,9
128,32,10
128,32,9
128,32,9
128,32,9
128,32,9
128,32,9
128,32,9
128,32,9
128,32,10
128,32,9
128,32,8
128,32,9
128,32,8
128,32,9
128,32,8
128,32,9
128,32,9
128,32,10
128,32,8
128,32,9
128,32,9
128,32,9
128,32,9
128,32,9
128,32,8
128,32,8
128,32,9
128,32,11
128,32,10
128,32,11
128,32,10
128,32,10
128,32,9
128,32,9
128,32,9
128,32,9
128,32,26
128,32,9
128,32,9
128,64,14
128,64,21
128,64,14
128,64,13
128,64,14
128,64,13
128,64,14
128,64,14
128,64,15
128,64,14
128,64,14
128,64,14
128,64,13
128,64,14
128,64,15
128,64,14
128,64,15
128,64,15
128,64,16
128,64,14
128,64,14
128,64,14
128,64,15
128,64,14
128,64,13
128,64,13
128,64,14
128,64,14
128,64,13
128,64,14
128,64,15
128,64,27
128,64,14
128,64,15
128,64,14
128,64,15
128,64,15
128,64,14
128,64,17
128,64,16
128,64,15
128,64,15
128,64,15
128,64,16
128,64,15
128,64,15
128,64,24
128,64,14
128,64,13
128,64,14
128,64,13
128,64,14
128,64,14
128,64,15
128,64,31
128,64,14
128,64,13
128,64,14
128,64,13
128,64,13
128,64,12
128,64,35
128,64,14
128,64,14
128,64,14
128,64,13
128,64,13
128,64,14
128,64,13
128,64,13
128,64,14
128,64,15
128,64,13
128,64,14
128,64,14
128,64,15
128,64,13
128,64,15
128,64,13
128,64,14
128,64,14
128,64,14
128,64,14
128,64,16
128,64,15
128,64,15
128,64,15
128,64,15
128,64,14
128,64,15
128,64,15
128,64,14
128,64,14
128,64,15
128,64,14
128,64,15
128,64,14
128,64,21
128,64,13
128,64,13
128,128,22
128,128,25
128,128,21
128,128,23
128,128,24
128,128,24
128,128,24
128,128,35
128,128,41
128,128,24
128,128,23
128,128,23
128,128,24
128,128,40
128,128,23
128,128,26
128,128,21
128,128,22
128,128,23
128,128,28
128,128,24
128,128,53
128,128,24
128,128,22
128,128,23
128,128,35
128,128,23
128,128,29
128,128,24
128,128,23
128,128,24
128,128,38
128,128,23
128,128,23
128,128,24
128,128,23
128,128,23
128,128,22
128,128,23
128,128,26
128,128,26
128,128,24
128,128,26
128,128,28
128,128,31
128,128,26
128,128,25
128,128,22
128,128,22
128,128,22
128,128,30
128,128,23
128,128,25
128,128,24
128,128,22
128,128,30
128,128,23
128,128,25
128,128,22
128,128,22
128,128,23
128,128,22
128,128,25
128,128,21
128,128,26
128,128,26
128,128,22
128,128,23
128,128,23
128,128,23
128,128,22
128,128,23
128,128,22
128,128,23
128,128,23
128,128,22
128,128,22
128,128,24
128,128,24
128,128,22
128,128,24
128,128,24
128,128,23
128,128,28
128,128,25
128,128,26
128,128,26
128,128,25
128,128,33
128,128,26
128,128,29
128,128,24
128,128,23
128,128,24
128,128,21
128,128,34
128,128,23
128,128,22
128,128,23
128,128,23
128,256,45
128,256,40
128,256,41
128,256,41
128,256,41
128,256,40
128,256,42
128,256,42
128,256,47
128,256,43
128,256,46
128,256,40
128,256,45
128,256,42
128,256,42
128,256,41
128,256,44
128,256,40
128,256,42
128,256,47
128,256,68
128,256,40
128,256,41
128,256,40
128,256,60
128,256,42
128,256,59
128,256,41
128,256,42
128,256,39
128,256,42
128,256,42
128,256,41
128,256,43
128,256,42
128,256,42
128,256,41
128,256,46
128,256,40
128,256,63
128,256,47
128,256,56
128,256,41
128,256,45
128,256,40
128,256,43
128,256,43
128,256,40
128,256,40
128,256,39
128,256,41
128,256,43
128,256,41
128,256,41
128,256,42
128,256,42
128,256,40
128,256,60
128,256,45
128,256,43
128,256,39
128,256,43
128,256,41
128,256,42
128,256,41
128,256,70
128,256,41
128,256,40
128,256,40
128,256,42
128,256,40
128,256,41
128,256,45
128,256,60
128,256,43
128,256,42
128,256,57
128,256,40
128,256,45
128,256,46
128,256,45
128,256,46
128,256,45
128,256,44
128,256,47
128,256,45
128,256,60
128,256,42
128,256,70
128,256,40
128,256,40
128,256,40
128,256,41
128,256,43
128,256,40
128,256,41
128,256,40
128,256,42
128,256,60
128,256,67
128,512,80
128,512,76
128,512,78
128,512,77
128,512,77
128,512,78
128,512,87
128,512,76
128,512,77
128,512,106
128,512,76
128,512,77
128,512,82
128,512,103
128,512,85
128,512,84
128,512,86
128,512,78
128,512,76
128,512,82
128,512,77
128,512,76
128,512,80
128,512,77
128,512,82
128,512,76
128,512,80
128,512,78
128,512,76
128,512,78
128,512,77
128,512,82
128,512,76
128,512,105
128,512,78
128,512,77
128,512,78
128,512,78
128,512,85
128,512,84
128,512,86
128,512,85
128,512,87
128,512,91
128,512,76
128,512,77
128,512,78
128,512,81
128,512,78
128,512,132
128,512,77
128,512,76
128,512,77
128,512,78
128,512,78
128,512,76
128,512,92
128,512,77
128,512,80
128,512,77
128,512,78
128,512,97
128,512,76
128,512,78
128,512,76
128,512,76
128,512,75
128,512,76
128,512,75
128,512,97
128,512,76
128,512,77
128,512,76
128,512,82
128,512,86
128,512,80
128,512,85
128,512,78
128,512,76
128,512,77
128,512,76
128,512,76
128,512,85
128,512,87
128,512,84
128,512,86
128,512,101
128,512,85
128,512,78
128,512,81
128,512,80
128,512,82
128,512,82
128,512,77
128,512,81
128,512,78
128,512,77
128,512,77
128,512,75
128,512,75
